"Education","Marital_Status","Income","Recency","NumWebVisitsMonth","Total_Spending","Age","Children","TotalNumPurchases","TotalAcceptedCmp"
1,0,58138,58,7,1617,61,0,25,1
1,0,46344,38,5,27,64,2,6,0
1,1,71613,26,4,776,53,0,21,0
1,1,26646,26,6,53,34,1,8,0
2,1,58293,94,5,422,37,1,19,0
2,1,62513,16,6,716,51,1,22,0
1,0,55635,34,6,590,47,1,21,0
2,1,33454,32,8,169,33,1,10,0
2,1,30351,19,9,46,44,1,6,1
2,1,5648,68,20,49,68,2,2,1
0,1,7500,59,8,61,42,0,6,0
1,0,63033,82,2,1102,59,0,16,0
2,0,59354,53,6,310,66,2,15,0
1,1,17323,38,8,46,31,0,5,0
2,0,82800,23,3,1315,72,0,26,3
1,1,41850,51,8,96,38,2,9,0
1,1,37760,20,7,317,72,0,13,0
2,1,76995,91,5,1782,69,1,26,1
0,0,33812,86,6,133,33,1,8,0
1,1,37040,41,8,316,36,0,12,0
1,1,2447,42,1,1730,39,1,43,0
2,1,58607,63,8,972,69,1,17,1
2,1,65324,0,4,544,64,1,20,0
1,1,40689,69,8,444,67,1,20,0
1,0,18589,89,7,75,49,0,8,0
1,1,53359,4,7,257,42,2,14,0
1,1,38360,26,3,131,29,1,9,0
2,1,84618,96,2,1672,53,0,26,1
2,0,10979,34,5,30,29,0,8,0
2,1,38620,56,3,318,55,0,11,0
1,1,40548,31,5,120,48,1,9,1
2,0,46610,8,6,302,66,2,17,1
2,1,68657,4,7,1196,72,0,18,0
2,0,49389,55,7,65,67,2,6,0
2,1,67353,37,2,913,48,1,28,0
0,1,23718,76,7,81,42,1,9,0
1,0,42429,99,5,67,45,1,7,0
2,0,48948,53,6,902,75,0,24,2
1,1,80011,3,4,1395,38,1,21,0
2,1,20559,88,8,53,33,1,7,0
1,1,21994,4,5,22,61,1,4,0
2,1,7500,19,5,31,43,1,8,0
1,0,79941,72,1,984,42,0,16,0
0,1,7500,24,9,122,22,0,10,1
1,1,41728,92,10,55,50,1,5,0
2,1,72550,39,8,1319,64,2,28,0
1,0,65486,29,2,507,61,1,17,0
2,1,79143,2,3,1693,54,0,29,0
1,0,35790,54,7,72,41,1,7,0
1,0,82582,54,1,1617,41,0,21,3
1,1,66373,57,3,606,40,2,23,0
2,1,82384,55,1,1957,63,0,27,2
1,0,70287,30,3,1093,52,0,21,1
1,0,27938,31,3,29,30,1,6,0
2,1,55954,63,7,518,50,1,19,0
2,0,75777,12,1,1438,36,0,21,3
1,1,66653,18,3,612,43,2,22,0
1,0,61823,26,7,884,66,1,24,0
2,0,67680,8,5,606,67,1,19,0
1,1,70666,29,4,1076,70,0,16,0
1,1,25721,75,7,34,47,1,5,1
1,1,32474,0,7,11,51,2,4,0
0,0,88194,19,5,1274,39,1,32,3
1,1,69096,4,4,653,60,1,18,0
1,1,74854,90,5,1562,48,3,19,0
2,1,66991,1,3,1253,64,0,21,0
1,1,65031,29,7,863,59,1,30,0
2,1,60631,88,7,661,43,2,24,1
1,1,28332,58,2,65,66,0,8,0
1,0,40246,68,6,13,41,1,4,0
2,1,75251,34,5,1890,46,0,19,1
1,0,75825,40,4,2209,42,0,22,2
0,1,26326,12,3,18,42,0,4,0
1,1,56046,9,8,692,53,0,21,2
1,0,29760,87,8,165,33,1,12,0
1,1,26304,5,7,16,49,1,4,0
0,1,23559,87,7,79,45,1,9,0
2,1,38620,56,3,318,55,0,11,0
1,0,81361,18,1,778,31,0,27,0
1,1,29440,95,7,56,58,2,7,0
2,1,36138,48,7,151,48,2,13,1
1,0,50388,3,7,372,61,1,17,3
1,1,79593,70,2,1366,45,0,19,1
1,1,54178,79,2,194,51,1,10,0
2,0,42394,69,7,32,46,1,5,0
2,1,23626,84,5,43,48,1,10,0
1,1,30096,30,6,45,35,1,6,0
1,0,47916,72,6,606,58,1,22,1
1,0,51813,37,7,63,46,2,7,0
0,1,78497,44,2,978,67,0,25,1
2,1,50150,32,5,410,35,0,16,0
0,0,47823,0,8,72,58,1,7,0
2,0,34554,43,6,55,59,1,7,0
1,1,85693,59,5,1169,39,1,27,0
2,1,65846,68,4,1120,73,0,16,0
1,1,87195,35,1,1097,59,0,20,1
0,1,24594,94,5,29,39,1,5,0
1,1,49096,15,7,187,54,2,13,0
1,1,52413,56,6,910,49,2,26,0
1,0,38557,17,7,145,40,1,9,0
2,1,89058,18,2,850,58,0,14,0
1,1,77298,46,3,969,39,1,24,0
2,0,68126,40,9,1820,27,0,17,2
2,1,57288,27,6,608,55,1,20,1
1,0,86037,95,3,730,27,0,25,3
2,1,43974,19,7,551,38,1,21,0
1,0,50785,27,6,114,56,2,8,0
1,1,90765,25,1,1724,48,0,15,2
0,1,36550,74,9,577,40,1,20,0
0,1,30753,85,5,81,51,2,7,0
1,1,21918,37,6,33,49,1,7,0
2,1,56129,65,4,660,65,1,22,0
2,0,32557,13,5,80,51,1,9,1
2,1,19510,63,7,30,33,2,6,0
1,0,30992,83,7,43,42,1,5,0
1,0,101970,69,2,1135,35,0,27,4
0,1,71488,87,1,559,53,0,16,0
1,0,79607,37,1,1923,34,0,16,1
2,1,54348,51,6,90,65,2,8,0
2,1,77376,72,4,661,62,2,23,0
1,1,62998,10,5,463,66,1,19,0
2,0,61331,42,8,632,60,2,23,0
1,1,73448,10,4,725,49,0,19,0
2,1,41551,51,8,279,54,2,16,0
2,1,62981,21,3,1482,51,0,23,1
0,0,9548,31,8,29,42,1,6,0
2,1,33762,61,8,106,59,3,9,0
2,0,35860,37,5,49,45,2,6,2
2,0,36921,74,7,38,53,2,7,0
2,0,92859,46,2,2077,26,0,22,0
2,1,65104,4,7,1053,42,1,17,1
1,1,86111,73,2,1385,56,0,23,0
2,0,68352,47,6,871,44,1,25,0
1,1,41883,13,7,312,30,1,12,0
1,1,59809,36,8,877,42,2,15,0
1,1,23957,47,6,68,43,1,6,1
1,1,38547,49,8,22,37,1,4,0
0,1,35688,94,8,211,45,3,16,0
2,1,49605,65,3,127,52,0,8,0
2,1,59354,59,3,459,65,2,16,0
1,1,65747,96,6,460,49,1,19,1
0,1,46344,28,7,429,46,1,17,0
1,0,34176,12,6,89,30,1,11,0
2,1,61010,57,5,1021,66,1,26,0
1,1,69372,10,4,1381,69,0,21,3
1,0,49967,4,7,306,60,1,15,0
1,0,60199,49,4,18,40,3,4,0
1,1,55375,3,2,162,41,1,9,0
1,0,80317,64,1,1231,63,0,18,0
2,0,30523,0,7,13,60,3,4,0
2,1,70356,20,6,1706,73,0,27,0
1,1,23228,91,8,121,34,1,11,0
2,0,74165,9,2,1293,43,0,20,0
2,1,157243,98,0,1608,45,1,37,0
1,1,43482,83,6,88,52,3,9,0
1,0,62551,27,3,421,65,0,18,1
1,0,52332,63,4,259,59,0,12,1
1,0,66951,46,1,1117,30,0,15,0
1,1,26091,84,5,89,61,2,9,0
1,1,33456,58,7,36,53,2,6,0
1,1,28718,78,8,57,36,1,7,0
1,1,50447,4,6,148,48,2,8,0
2,1,53537,17,5,93,59,2,8,0
1,0,52074,77,4,119,51,1,7,1
2,1,80427,56,5,1835,43,1,28,0
2,1,83837,79,4,1318,70,0,25,3
2,1,38853,90,7,45,48,2,7,0
1,1,38285,96,2,10,59,3,4,0
0,1,78497,44,2,978,67,0,25,1
2,1,51650,81,5,191,42,1,10,0
0,1,16248,77,6,57,30,1,9,0
2,1,66835,21,2,1033,72,0,24,0
2,1,30477,16,6,66,34,1,6,0
0,1,28249,80,6,43,57,0,6,0
1,1,25271,45,9,50,35,1,5,0
2,0,32303,63,5,39,48,1,7,0
1,1,61286,34,5,608,52,1,18,0
1,1,74068,14,2,1581,42,0,24,0
2,1,45759,13,7,68,54,2,7,0
0,1,24882,52,6,80,40,1,5,1
2,1,66973,98,3,1282,29,0,28,0
1,1,38872,93,8,91,30,1,8,0
1,1,51148,38,6,315,45,2,16,0
1,1,31353,24,8,31,41,2,6,0
2,1,69661,80,3,834,38,0,23,0
1,1,80067,82,2,1600,64,0,17,1
1,1,86718,20,2,1270,64,0,17,0
2,0,46854,81,8,263,45,2,15,2
1,0,69142,50,5,535,66,1,19,1
1,0,75922,60,1,1295,50,0,18,0
1,0,63693,63,6,1150,40,1,29,0
2,1,102160,54,4,1240,41,0,26,4
2,0,40637,72,7,38,53,2,6,0
2,0,18890,5,6,35,34,0,4,2
1,1,29604,88,9,53,30,1,5,1
2,0,48721,50,6,293,55,2,17,0
1,1,44794,99,6,65,52,1,6,0
1,0,64497,17,8,1804,64,1,29,2
1,1,46097,11,4,241,62,1,15,0
1,1,77972,18,1,1101,64,0,20,0
2,1,44377,70,8,264,50,2,19,0
2,1,46014,21,7,541,44,2,26,0
1,1,70951,66,1,1198,33,0,17,0
1,1,41443,79,8,482,41,1,20,0
0,0,52195,2,8,17,40,3,4,0
2,1,83790,81,3,1615,70,0,25,2
2,0,44551,24,7,285,64,1,12,0
1,1,69508,48,6,1135,38,1,28,0
0,1,45204,93,3,114,30,1,7,0
1,1,72460,56,1,1047,49,0,16,0
2,1,77622,3,3,714,48,2,22,0
2,1,30732,44,8,185,38,1,13,0
1,0,63887,38,6,1245,56,1,32,0
1,1,42011,46,8,189,40,1,12,0
1,1,51369,84,8,576,42,1,16,0
1,0,51537,27,8,1103,66,1,18,0
2,1,79930,72,2,1753,46,0,17,0
2,1,34320,66,8,17,32,1,4,0
1,0,37070,30,7,433,52,2,23,1
0,0,81975,2,7,1588,56,1,14,1
1,1,38590,65,8,22,47,1,4,0
1,0,15033,37,3,19,67,0,5,0
2,1,62745,89,5,1117,53,1,29,0
0,1,22212,49,6,69,43,1,8,0
2,1,23661,46,7,23,36,1,5,0
2,0,79761,32,3,605,60,1,19,0
1,0,7500,54,7,57,45,1,11,0
1,0,73455,98,3,2088,50,0,22,1
1,1,64961,97,3,1009,60,1,16,0
1,0,22804,75,9,26,47,1,5,0
1,1,73687,8,2,1627,28,0,22,2
1,1,61074,37,7,1102,60,1,31,0
2,1,31686,31,6,17,54,2,6,0
1,1,80134,40,6,1690,46,1,16,4
1,1,75027,74,5,1390,65,1,21,0
2,1,67546,90,3,2126,30,0,20,0
2,1,65176,57,6,1531,49,1,25,0
2,0,31160,59,8,64,43,1,7,0
1,0,29938,52,6,26,33,1,6,0
1,0,102692,5,2,1112,44,0,29,5
0,1,26490,92,6,210,60,0,11,0
1,1,75702,77,8,1148,51,2,26,0
2,0,30899,35,6,33,44,1,6,0
2,1,63342,48,6,1101,57,1,19,1
1,0,45989,97,3,322,54,1,16,0
1,0,18701,95,5,44,54,2,10,0
2,0,40737,24,8,17,61,3,4,0
1,0,15287,60,7,31,39,1,6,2
2,0,69674,46,5,845,50,2,25,0
2,1,44159,85,5,275,48,1,15,0
2,1,37717,31,9,25,40,1,4,0
2,1,43776,9,8,275,66,2,17,1
2,1,38179,30,7,90,52,2,11,0
1,1,80124,47,1,1495,55,0,19,1
2,1,38097,70,7,184,48,2,11,2
1,1,72940,13,1,981,48,0,13,0
1,1,22070,11,6,67,48,1,8,0
1,0,69267,31,7,1635,65,0,14,1
2,0,31788,15,5,60,35,1,10,0
2,1,61905,2,5,231,43,1,12,0
1,1,29315,55,6,48,58,2,10,0
1,0,33378,38,7,99,55,2,9,0
2,1,66313,86,4,770,55,1,23,0
1,0,60714,56,5,957,62,0,23,1
2,1,77882,29,1,818,37,0,12,0
2,0,69867,30,1,925,32,0,17,2
2,0,63841,64,6,908,50,1,22,0
0,1,24480,46,7,102,37,1,10,0
1,1,51369,84,8,576,42,1,16,0
1,1,37760,20,7,317,72,0,13,0
2,1,65640,74,2,461,44,1,15,0
2,1,44319,18,5,37,43,2,7,0
1,1,30631,75,7,70,44,1,7,0
1,1,75278,17,3,930,66,0,23,0
2,1,50898,88,5,859,62,2,33,0
1,0,79946,19,3,1478,52,0,22,0
2,0,35416,62,8,390,69,0,16,0
0,1,32414,11,7,52,34,0,5,1
1,1,38361,74,7,137,49,1,10,0
1,1,82497,32,4,1919,38,0,19,1
1,1,16626,76,9,68,47,2,9,0
1,1,29672,6,6,25,53,2,4,0
2,1,55951,62,8,1374,66,1,23,2
0,0,35388,20,7,32,30,1,5,0
2,1,42386,43,8,100,32,1,7,0
1,0,68627,45,1,825,36,0,12,0
2,0,57912,34,5,916,53,1,28,1
1,0,35246,53,5,62,60,2,11,0
0,1,58821,44,6,728,62,1,21,0
2,1,46377,89,4,90,40,1,7,0
1,0,39747,43,8,273,30,1,13,0
1,1,23976,68,7,66,34,1,10,0
2,1,80950,44,2,1213,57,0,23,1
1,0,27038,64,9,107,52,0,7,1
1,0,77457,85,1,1157,71,0,18,1
2,1,64100,93,7,546,54,1,18,1
2,1,42670,12,4,241,26,0,11,0
1,0,12571,86,6,53,42,1,11,0
1,1,22574,28,7,37,51,3,7,0
2,0,70893,42,3,1508,42,0,23,0
1,1,54198,13,4,235,52,2,16,0
2,1,28839,86,5,32,62,2,7,0
1,1,40321,59,7,102,46,2,8,0
1,0,66503,30,3,401,33,1,15,0
1,1,30833,33,5,28,67,2,6,0
1,1,64795,23,2,680,47,1,21,0
1,1,34421,81,7,30,44,1,4,0
2,0,47025,6,7,20,53,2,4,0
2,0,64325,41,7,1307,57,1,23,0
1,0,40464,78,8,630,65,1,24,0
1,1,62187,49,3,1283,61,0,18,0
2,0,14849,39,8,65,42,1,9,0
1,1,27255,3,7,37,34,1,5,0
2,1,54432,37,4,38,68,3,5,0
2,0,29999,22,8,160,32,1,12,0
1,0,24072,79,8,23,35,1,4,0
2,0,33996,46,4,71,29,0,6,0
2,1,66334,82,5,1161,62,1,19,1
2,1,35178,10,7,59,47,1,5,2
1,1,22010,51,8,33,35,1,7,0
1,0,62204,38,3,946,58,2,22,0
1,0,75693,10,4,1442,50,0,22,4
1,1,30675,14,8,62,46,1,5,0
1,1,83003,18,3,1674,53,0,22,2
1,0,68655,95,3,1538,30,0,21,0
1,0,41411,11,6,139,32,0,8,0
2,1,55212,65,8,1182,49,1,20,2
2,1,59292,71,3,507,68,1,18,0
0,1,27190,13,8,18,45,1,4,2
1,0,82623,58,1,940,66,0,16,0
1,1,44300,65,6,42,53,2,6,0
1,0,84835,0,1,1190,48,0,15,1
1,0,30372,33,7,44,47,2,8,0
2,1,33181,90,6,16,42,1,4,1
1,1,71113,95,4,835,61,1,26,0
1,1,71952,93,4,1443,32,1,22,2
2,0,69759,38,3,1029,52,0,18,1
1,1,72099,18,1,1188,44,0,18,0
2,0,60000,57,6,1277,42,1,24,0
1,0,38643,45,7,49,40,2,7,0
1,1,50737,61,6,99,63,1,7,1
2,1,68462,6,1,1670,49,0,15,0
2,1,65073,65,2,900,75,0,14,0
2,1,46681,52,5,425,70,2,16,0
1,1,78618,87,2,2153,61,0,22,1
2,0,62187,38,4,636,49,1,21,0
1,1,28442,53,4,57,40,2,10,0
2,1,37717,31,9,25,40,1,4,0
1,1,51479,67,7,494,51,2,22,0
1,0,54803,65,4,693,49,1,19,0
1,1,79530,64,2,1348,58,0,26,0
1,0,31615,82,7,51,42,1,7,0
1,1,72025,27,3,1932,56,0,16,0
2,0,52614,63,8,990,43,1,16,0
0,1,35684,66,6,30,34,1,5,0
1,1,48178,69,8,254,43,2,16,0
2,0,29548,52,4,29,48,1,5,1
1,0,63810,45,8,1371,52,1,23,1
2,0,38578,2,8,73,46,2,9,1
2,0,46098,86,8,120,43,2,11,0
1,0,22585,23,9,81,48,0,5,2
1,0,30279,13,8,37,29,1,5,0
2,1,66426,14,6,1377,57,1,20,0
1,0,30822,92,7,51,49,1,5,0
2,1,33581,38,8,17,49,2,4,0
1,1,19986,74,7,22,33,1,4,0
1,0,27421,14,7,324,64,0,14,0
0,1,35688,94,8,211,45,3,16,0
2,0,36143,33,3,19,37,1,4,0
1,0,10245,32,5,41,47,1,8,0
2,1,43795,11,7,492,50,1,17,2
1,1,63381,78,2,1005,58,1,26,0
1,1,38823,56,6,114,69,1,7,0
2,0,83664,57,5,1173,50,2,19,0
1,1,90300,7,1,1738,39,0,19,1
2,1,62499,0,4,222,39,1,12,0
1,0,74293,66,2,1127,25,0,16,0
2,1,51012,86,6,209,72,0,10,0
2,1,70777,80,3,787,50,1,23,0
2,1,68682,56,2,1598,27,0,24,0
1,1,43824,18,8,186,47,2,12,0
1,1,15345,51,8,47,34,1,6,1
1,0,23442,71,7,27,31,1,5,0
0,1,14515,71,7,96,38,1,11,1
0,0,31395,80,6,64,62,2,10,0
1,1,75276,2,5,1040,53,0,23,0
1,0,42373,83,5,163,44,2,13,0
1,1,30507,29,7,343,58,0,11,0
2,0,55521,11,7,446,63,3,24,2
1,1,48006,55,6,41,53,2,5,0
2,0,27213,19,8,70,46,1,9,1
2,0,65808,1,6,272,47,2,14,0
2,1,30351,19,9,46,44,1,6,0
1,1,50437,28,7,490,55,2,19,0
0,0,23616,76,8,79,36,1,8,1
1,1,53858,50,4,915,42,1,17,0
2,1,66465,1,6,1485,63,1,35,1
1,0,46923,90,7,369,31,1,16,0
1,1,75072,83,3,1073,56,1,19,0
2,1,75865,73,1,1242,75,0,19,0
0,1,19789,24,5,78,43,1,9,1
1,1,80134,11,5,1378,24,0,21,4
1,0,91065,33,3,1474,37,0,26,3
2,1,49505,4,8,751,47,2,29,0
2,1,37401,14,7,48,45,1,7,0
1,1,30096,30,6,45,35,1,6,0
2,1,18492,75,8,10,36,1,4,0
2,1,82584,26,1,1435,44,0,16,3
2,1,93027,77,2,2119,77,0,22,1
1,1,48686,8,8,20,65,3,4,0
1,1,92910,42,1,1795,32,0,27,3
1,1,75433,28,6,1188,29,1,19,2
0,1,10404,52,5,43,29,1,7,0
1,1,61314,1,3,1008,50,1,24,0
2,0,84865,1,4,1688,57,0,16,5
1,1,42387,42,8,684,29,1,21,0
0,1,67309,76,7,1082,51,2,39,0
1,1,75236,27,4,1068,54,1,25,0
1,0,30015,28,5,57,48,1,7,0
2,1,50943,49,5,46,62,1,5,0
1,0,67272,12,5,733,52,1,23,0
2,0,51529,14,8,467,69,1,17,0
2,1,32011,89,7,122,47,1,10,0
0,1,7500,96,8,36,32,1,7,0
1,1,28691,56,8,34,29,1,5,0
2,1,56223,72,4,156,70,1,10,0
1,1,18100,14,5,14,72,0,4,0
1,0,30279,13,8,37,29,1,5,0
0,1,20130,99,8,34,44,0,5,0
1,0,23295,72,8,20,59,0,4,0
2,0,42618,92,8,192,46,1,11,0
1,0,81246,87,1,1379,54,0,17,2
1,1,24027,7,8,48,42,1,7,0
2,1,55707,91,3,428,65,1,16,0
1,0,57959,71,3,868,63,1,27,0
1,1,56796,24,7,1001,49,1,27,0
2,0,36230,17,5,59,47,1,7,0
0,1,70829,87,3,431,38,2,16,0
1,1,65991,21,7,971,42,1,27,0
1,1,38988,90,8,348,46,3,19,0
0,0,89572,44,4,2059,52,0,24,3
2,1,42207,71,6,265,34,1,14,2
1,1,50300,52,2,270,66,1,13,0
0,1,66664,78,3,1289,36,0,19,0
1,1,60597,2,7,893,54,1,16,2
1,0,70165,60,1,926,69,0,22,0
2,0,50520,25,6,135,60,1,9,0
1,1,80124,47,1,1495,55,0,19,1
1,1,33183,46,7,120,43,1,9,0
2,0,66582,83,1,1288,49,0,20,0
2,1,75261,17,2,1743,63,0,17,3
1,0,31880,13,8,15,48,1,4,0
1,1,53790,86,6,542,67,2,20,0
2,1,49269,92,7,890,47,1,25,0
1,1,61456,47,4,1388,43,1,33,0
1,1,37406,18,8,17,38,1,4,1
2,1,56937,81,6,906,37,1,30,2
1,1,38415,91,7,44,40,2,6,0
1,0,20518,58,5,25,30,1,5,0
1,1,62503,40,5,973,62,1,26,0
2,0,41644,67,3,31,46,2,6,0
2,1,55842,19,5,518,41,1,17,0
2,1,62010,93,5,530,46,1,19,0
1,1,41124,41,8,506,41,1,21,0
2,1,38961,60,7,70,45,1,6,0
2,0,37760,54,6,54,46,1,6,0
1,0,32233,26,9,296,44,1,12,2
1,1,43057,30,5,266,43,1,15,0
2,1,83151,93,3,747,58,0,19,0
2,0,78825,35,3,895,54,0,29,1
2,1,65104,4,7,1053,42,1,17,0
1,1,60093,92,6,735,44,1,21,0
1,1,14045,24,7,20,49,1,5,0
0,0,28457,96,8,205,66,0,10,0
2,1,78952,11,6,2092,60,1,21,0
1,0,46310,99,8,309,42,1,14,0
1,1,76005,72,6,1722,63,0,22,1
2,0,58308,77,8,900,54,1,15,0
2,0,55614,85,7,682,74,0,20,1
2,0,59432,88,5,663,56,1,22,0
1,0,55563,22,3,43,40,1,6,0
2,1,78642,83,6,1816,47,1,18,0
2,1,67911,63,3,976,69,1,27,0
1,1,65275,9,2,746,74,0,21,0
1,1,27203,92,8,64,68,2,6,0
2,1,48330,2,5,32,57,1,5,0
0,1,24279,6,8,263,28,0,9,0
2,1,64355,66,8,1445,33,1,21,0
2,1,50943,49,5,46,62,1,5,0
1,0,53653,29,6,1210,65,0,28,0
1,1,65665,77,3,945,42,1,24,0
1,0,81217,77,1,1157,29,0,22,0
1,1,34935,71,7,137,26,0,8,0
1,0,61250,49,5,730,59,1,25,0
2,1,39665,97,7,216,37,1,12,1
1,0,60152,6,3,943,39,1,23,0
1,1,48920,93,7,347,54,2,16,1
2,1,89120,78,1,1924,59,0,19,1
2,1,44124,62,8,397,72,1,17,0
2,0,81169,47,2,2089,43,0,22,0
1,1,36443,9,8,138,57,2,11,0
1,0,26095,77,7,42,28,1,5,0
1,1,71367,24,2,777,59,0,17,0
2,1,80184,19,3,1902,74,0,20,2
1,0,30630,67,7,52,53,2,7,0
2,0,73454,95,5,1651,31,0,13,1
1,1,42691,48,5,358,27,0,13,0
1,1,70503,73,6,1727,65,0,16,2
1,1,25545,35,6,210,31,1,10,1
1,1,32880,76,8,42,32,1,5,0
2,1,77863,20,2,1291,60,0,20,0
2,1,50353,72,3,442,41,0,15,0
1,0,61839,20,8,1895,54,0,17,0
2,1,49154,69,6,411,58,2,19,0
0,0,47682,80,5,521,43,1,19,0
1,0,72679,65,1,1168,49,1,17,0
2,1,57954,52,7,493,41,2,23,1
1,1,65316,65,4,260,56,2,12,0
1,0,28567,57,6,46,36,1,7,0
2,1,47352,70,7,319,67,1,16,0
1,1,44931,0,5,96,51,1,7,0
1,0,76982,19,4,1062,51,0,16,2
0,1,57247,50,2,232,66,1,12,0
2,0,22944,67,7,76,37,1,9,0
0,1,25315,46,8,54,41,1,9,0
1,0,43638,37,7,201,49,1,11,0
2,0,42710,38,6,406,34,1,14,0
2,1,84169,9,3,1919,36,0,20,3
1,1,54058,56,3,662,42,1,20,0
0,1,24683,98,5,41,28,1,8,0
1,0,85620,68,1,1600,54,0,14,1
1,1,47850,72,6,134,38,1,8,0
1,1,19514,47,8,69,50,2,10,2
2,1,27159,33,6,21,45,2,6,0
0,0,39548,87,3,54,55,2,7,0
1,0,21474,0,7,91,29,1,8,2
2,0,60504,73,6,526,47,1,18,0
1,1,22419,74,8,162,55,0,8,0
2,1,81698,4,1,1008,69,0,25,1
1,1,43462,50,8,240,66,2,16,0
2,0,54880,57,5,795,40,1,21,0
1,1,79908,30,2,1772,36,0,19,1
0,1,15315,27,5,64,48,0,8,0
1,1,87771,61,6,1957,59,1,20,5
1,1,33039,4,5,78,40,1,7,0
1,0,81741,75,2,1572,38,0,19,0
2,1,71499,12,4,795,47,1,26,0
0,1,62466,13,4,889,48,1,26,0
2,0,48799,9,3,331,55,1,15,0
2,1,52157,48,4,265,68,1,12,0
1,0,66565,80,8,1065,56,1,19,0
2,1,29298,60,5,11,67,2,4,0
1,0,47691,43,6,21,39,1,4,0
1,1,38200,19,7,17,48,2,4,0
1,1,44989,26,6,369,44,1,16,0
2,1,38443,58,7,38,50,2,6,0
0,0,38593,42,8,177,40,1,11,0
2,1,64413,27,5,279,48,1,12,0
2,1,36959,56,8,62,37,1,7,0
2,1,61996,27,5,1230,41,1,21,4
1,1,51287,10,7,182,50,2,11,0
1,1,13260,48,8,49,48,2,10,0
2,1,47472,39,5,75,52,2,8,0
2,1,54603,85,7,227,62,2,16,0
2,1,45207,64,6,215,44,2,15,1
1,1,40689,69,8,444,67,1,20,0
0,1,47821,54,8,47,51,2,5,0
2,1,27450,57,7,143,67,0,7,0
1,1,39453,64,6,55,35,1,7,0
0,1,26850,10,4,63,47,2,11,0
1,0,79800,65,3,1867,63,0,22,4
2,1,61794,74,2,611,57,1,20,0
1,1,53863,4,7,473,63,1,18,1
1,1,24221,94,4,55,59,0,6,0
2,0,39684,41,7,81,34,1,7,1
2,1,92163,25,2,2086,43,0,21,3
2,0,69882,94,1,1478,53,0,20,0
1,1,33178,9,4,49,41,1,5,0
2,1,59973,47,1,382,46,0,15,0
2,1,17459,12,7,69,43,1,9,1
1,0,23910,80,7,67,49,1,6,0
2,1,42169,20,8,30,49,2,6,0
0,1,26224,39,6,63,40,1,9,0
1,1,31089,57,8,79,37,1,10,0
1,0,30081,27,7,42,57,1,5,0
1,1,62807,83,5,819,58,1,23,0
1,0,72906,79,1,1151,63,0,17,0
2,1,61467,69,5,594,70,2,20,0
2,1,49618,77,7,129,52,2,11,0
2,0,21888,15,10,213,32,1,12,1
1,0,42429,99,5,67,45,1,7,0
1,0,26150,61,7,28,62,3,5,0
0,1,30801,23,7,45,43,1,6,0
1,1,81168,84,3,1193,53,0,18,1
2,0,26877,74,6,268,49,0,12,0
2,0,45006,90,3,266,74,0,12,0
0,1,18978,41,8,37,45,1,5,0
1,1,22574,28,7,37,51,3,7,0
2,0,48240,73,5,882,49,0,25,1
1,1,45837,88,7,373,44,2,18,0
2,0,35791,94,8,35,53,3,6,0
2,1,162397,31,1,107,42,2,1,0
1,0,54162,31,4,42,40,2,5,0
2,1,30522,6,2,326,58,1,17,0
2,1,54456,23,6,404,57,1,17,0
1,0,31632,92,7,95,47,0,6,0
1,0,72298,52,1,939,69,0,14,2
0,0,36975,50,7,33,40,1,5,0
0,1,72635,54,3,981,63,0,21,1
1,1,13624,93,6,36,42,1,7,0
1,0,84196,56,3,1237,43,1,20,0
1,1,70971,28,7,1825,58,1,34,1
2,0,34487,94,9,103,41,2,9,0
1,0,28769,76,9,191,41,1,12,0
2,1,69084,43,8,1586,48,1,25,0
2,1,65488,46,1,963,60,0,14,0
0,1,62466,13,4,889,48,1,26,0
0,0,32218,27,7,93,58,0,7,2
1,0,83917,12,3,1587,45,0,21,1
1,0,46102,3,7,16,56,3,4,0
1,0,84574,72,5,1375,66,0,32,0
1,1,56181,6,4,393,56,1,14,0
2,0,63120,53,7,1477,68,1,26,1
1,1,73691,58,2,1179,47,1,18,1
1,1,63381,78,2,1005,58,1,26,0
2,1,76140,57,2,1348,70,0,21,0
2,0,62859,37,6,1307,59,1,23,0
1,0,45906,20,5,486,54,1,15,1
2,1,77632,73,2,2252,71,0,13,3
2,1,46463,56,6,235,47,2,17,0
1,1,105471,36,3,1724,48,0,30,3
2,0,55282,9,4,235,48,1,11,0
2,1,78710,42,4,1092,41,1,28,0
1,1,66886,28,5,599,60,1,17,0
2,0,98777,23,1,2008,58,0,19,1
1,1,29103,38,9,48,33,1,6,0
1,1,67445,63,6,1174,44,1,32,0
2,1,50616,71,2,67,68,1,7,0
1,0,49431,9,8,365,63,1,15,0
1,0,153924,81,0,6,43,0,0,0
1,1,61278,87,6,165,65,1,10,0
0,1,26490,92,6,210,60,0,11,0
2,1,73059,36,4,1095,71,1,26,0
2,0,46734,86,6,223,52,3,12,1
1,1,56253,83,6,597,55,1,22,0
1,1,19986,74,7,22,33,1,4,0
1,0,58330,87,4,1064,43,1,24,0
0,1,25965,29,8,74,38,0,6,0
2,1,14661,88,6,26,62,0,5,0
1,1,18690,77,8,60,59,0,5,0
2,1,45068,25,7,20,44,1,4,0
0,0,21063,34,6,59,31,1,7,0
2,1,29187,43,8,34,50,1,5,0
0,1,54690,76,3,198,47,2,12,0
2,1,59304,81,5,1048,54,1,28,0
2,0,59247,87,6,574,56,2,21,0
1,0,66731,33,3,1029,48,1,17,0
1,1,77353,38,4,670,38,1,20,0
2,0,52614,63,8,990,43,1,16,0
1,1,26751,26,8,11,44,2,4,0
2,1,81300,17,5,1241,55,1,21,2
1,0,70337,75,1,576,39,0,17,0
0,1,36145,13,9,172,33,1,12,2
2,0,65295,19,2,664,38,0,20,0
1,0,68118,51,6,928,55,1,23,0
1,0,68743,81,7,2074,51,0,30,0
0,1,41039,32,8,467,36,0,15,0
1,1,38946,84,5,257,63,1,12,0
1,1,65777,87,1,1146,51,0,17,0
2,0,66476,99,4,689,42,1,20,0
2,0,86857,96,2,2114,46,0,22,1
2,1,160803,21,0,1717,36,0,44,0
2,1,77845,40,1,1346,29,0,21,2
2,1,69476,3,2,1044,49,0,15,0
2,0,50611,98,6,493,58,1,22,2
1,0,61209,73,2,957,48,0,13,0
2,1,42315,90,3,270,60,1,12,0
0,1,13084,29,6,29,66,0,5,0
2,0,47570,3,7,121,69,2,9,1
2,1,61923,94,3,126,57,2,8,0
1,0,34824,65,6,23,23,0,4,0
2,0,26518,33,8,57,69,2,8,1
1,0,45938,46,6,636,57,0,20,0
1,1,78468,29,4,1004,58,0,28,1
1,0,78901,99,4,734,45,1,20,0
1,1,71427,26,4,614,40,2,20,0
1,0,71022,30,8,1453,40,1,21,1
2,0,90247,27,1,1621,30,0,15,4
2,0,41335,24,7,187,50,1,12,0
1,1,71952,93,4,1443,32,1,22,2
2,0,35682,34,2,57,48,1,6,0
1,0,43185,88,8,637,67,1,20,0
2,1,66375,96,7,948,70,1,14,1
2,1,35178,10,7,59,47,1,5,2
1,1,25252,26,8,18,32,1,4,0
2,0,55250,49,5,903,53,1,26,0
1,0,33249,11,6,112,43,1,8,0
1,1,58398,44,4,596,65,0,20,0
1,1,50272,75,7,233,36,1,13,0
2,1,76618,64,1,1511,43,0,11,0
0,0,87305,19,2,1152,58,0,17,2
1,1,25851,45,7,48,40,1,7,0
1,0,58710,77,6,1185,48,1,31,0
1,0,45160,9,7,21,60,2,4,0
2,1,74806,1,4,965,53,1,16,0
1,1,59111,90,7,869,64,0,21,0
2,1,18988,43,7,16,34,1,6,0
1,1,72190,79,3,1947,53,0,16,0
1,1,7500,19,9,71,42,1,12,2
1,1,44794,99,6,65,52,1,6,0
1,1,80395,62,2,1380,63,0,24,1
2,0,75012,41,1,1027,42,0,23,0
2,1,56962,60,7,411,53,3,21,0
1,1,89891,17,4,836,27,0,26,1
2,0,35946,24,5,11,69,2,4,0
2,1,53593,60,8,480,65,2,23,0
1,1,66373,57,3,606,40,2,23,0
2,0,45072,74,8,284,70,3,16,0
1,0,89694,22,5,1472,45,2,14,3
1,1,72025,46,2,1677,69,0,26,4
1,1,67432,69,4,1335,45,1,19,0
2,1,70545,29,2,334,66,1,13,0
0,1,17487,37,7,18,29,1,4,0
1,1,62882,26,4,1338,49,1,20,0
2,0,64108,8,5,1099,65,1,30,0
2,1,34941,26,8,97,62,2,8,0
2,0,48767,79,5,63,68,3,9,0
0,1,38702,71,6,109,40,1,9,0
1,1,82224,83,3,902,54,0,21,1
1,1,83844,57,1,1574,66,0,20,1
0,1,17003,37,5,38,43,1,9,0
1,0,71163,30,1,960,23,0,24,0
1,0,33697,34,7,28,48,1,4,1
0,1,63564,0,6,1215,64,0,28,2
2,1,83443,89,2,1497,46,0,22,0
2,1,51518,92,3,449,60,1,17,0
1,0,58330,87,4,1064,43,1,24,0
1,1,80952,20,8,1757,49,0,25,4
1,1,75507,56,3,1440,39,0,21,0
0,1,63855,28,4,1006,40,0,24,0
2,1,62220,55,6,1226,46,1,23,1
1,1,58512,25,8,1171,54,1,20,0
2,1,40662,0,4,92,39,1,8,0
2,1,38829,86,5,99,59,1,8,0
0,1,35523,8,7,66,37,1,8,0
1,0,79146,33,6,564,51,2,19,0
2,1,78285,13,3,1427,30,0,21,0
2,0,31626,12,7,86,40,1,6,2
1,0,75127,92,1,833,66,0,19,0
1,1,48726,90,6,242,63,1,12,0
1,1,74985,8,2,1869,41,0,17,0
1,1,67430,6,6,1364,31,0,29,0
0,1,46891,91,4,183,53,1,8,0
2,1,62058,52,6,450,62,1,18,0
1,1,72063,3,2,758,39,1,21,0
2,1,78939,57,3,1507,67,0,20,0
1,0,42720,9,8,654,53,2,25,1
1,1,33622,22,7,81,46,2,9,0
2,1,6835,76,20,137,61,1,1,0
1,1,41452,86,7,16,65,2,4,0
2,0,40760,64,6,93,53,1,8,0
2,1,74250,90,1,1158,60,0,18,0
2,0,51124,79,3,43,63,2,6,0
1,0,72258,28,2,1525,47,1,22,0
2,0,71466,86,1,1230,44,0,19,0
1,1,36283,42,4,29,42,2,6,0
1,0,20587,39,7,25,48,1,5,0
1,1,30467,8,7,24,46,1,4,0
1,1,31590,40,8,38,46,1,5,0
0,1,20425,5,7,57,32,1,7,0
2,1,17144,96,7,47,58,2,12,0
2,0,42564,28,7,813,50,1,24,2
2,1,43783,22,7,629,40,1,22,1
1,0,40780,30,9,377,42,1,17,0
2,1,62847,45,2,1612,73,0,14,0
2,1,82017,58,2,729,61,0,17,4
1,0,16813,49,7,50,68,0,6,1
1,1,51267,37,4,270,40,2,15,0
1,0,46524,70,3,177,57,1,9,0
2,0,45183,33,7,315,56,0,13,1
2,1,70421,98,6,767,64,1,23,0
0,0,60161,17,8,1071,53,1,26,0
1,1,73926,54,3,1580,45,0,24,0
1,1,19329,39,8,60,50,1,10,0
2,1,61872,81,4,573,48,1,21,0
1,0,46984,71,5,41,62,2,5,0
1,1,34838,62,6,170,67,2,10,0
2,0,82716,8,2,1167,74,0,28,0
1,1,48192,76,8,1526,60,0,25,4
2,1,49681,66,7,458,42,2,21,0
2,1,56850,83,2,63,47,1,6,0
1,1,55267,28,3,405,61,1,17,0
1,1,59666,87,8,1027,46,2,20,1
1,0,72504,43,2,1478,46,1,22,0
1,1,26872,0,6,72,37,0,5,0
1,0,21359,1,8,48,46,1,7,1
1,0,73170,1,2,726,43,0,16,0
2,1,52750,72,4,860,63,1,27,0
2,1,91820,72,1,1497,32,0,22,0
2,1,65968,12,3,495,48,1,18,0
1,1,30772,89,6,20,42,2,4,0
1,0,22507,67,9,570,64,0,19,0
1,1,65685,54,5,769,46,1,21,0
0,1,25804,34,8,55,40,1,7,0
2,0,76412,15,3,1808,38,0,18,3
1,1,22063,43,7,55,46,1,7,0
1,0,57091,0,5,577,57,0,18,2
1,1,22419,74,8,162,55,0,8,0
1,1,87771,61,6,1957,59,1,20,5
0,0,78353,51,8,1576,59,1,24,0
1,1,93404,97,5,1616,64,3,17,2
1,0,37859,75,8,36,56,3,6,0
2,0,80995,83,4,1482,60,1,22,0
1,1,16529,23,6,22,34,1,5,0
2,0,55412,65,5,63,42,2,6,0
1,0,48789,94,6,680,26,0,18,0
2,1,56575,42,5,542,51,2,20,0
0,1,25130,10,7,50,38,1,7,0
1,1,35441,94,8,39,51,2,6,0
1,1,71391,50,3,1043,62,1,28,0
2,0,49494,46,7,385,46,1,14,0
1,0,81702,98,3,1633,38,0,27,0
0,0,45889,42,6,46,38,1,5,0
1,0,56628,30,5,761,41,1,20,1
1,1,34026,11,5,76,68,2,9,0
1,1,40049,61,5,290,44,1,14,0
1,0,34176,12,6,89,30,1,11,0
1,1,19419,76,9,70,37,1,11,0
0,1,82504,2,1,1066,58,0,17,0
1,1,81205,43,2,2009,48,0,19,4
0,0,61618,27,3,1345,27,0,19,0
2,0,55284,60,5,764,62,1,23,0
1,0,49980,79,5,195,55,1,11,0
1,1,15072,96,5,53,38,2,11,0
1,0,49166,17,6,368,44,1,13,0
2,1,65324,0,4,544,64,1,20,0
0,1,82347,38,3,1853,61,0,25,2
2,1,30843,43,5,35,52,2,6,1
2,1,46374,1,8,446,44,1,18,3
1,0,60474,25,7,1180,39,1,31,0
2,1,38576,2,7,41,45,1,5,0
1,1,55357,66,5,727,33,2,22,0
1,1,37758,49,8,40,52,2,6,0
0,1,85710,5,2,1062,29,0,26,1
1,1,23228,71,8,40,49,1,7,0
2,1,44602,35,8,292,49,2,17,0
1,1,7500,94,6,15,31,0,4,0
0,1,38683,80,7,341,29,1,17,0
0,0,49514,61,7,369,43,1,13,0
2,1,57906,29,4,401,45,1,17,0
2,0,43456,0,5,393,52,1,17,0
2,0,19485,80,7,10,32,2,4,0
1,1,53172,54,3,486,40,1,16,0
1,1,30545,71,7,69,39,1,7,0
2,1,70123,27,3,1727,35,0,17,2
1,0,62450,61,3,995,59,1,16,1
1,1,21675,55,7,45,42,1,10,0
0,0,42395,35,7,182,37,2,12,0
2,1,61346,34,3,989,40,1,23,0
1,1,80812,95,2,1677,65,0,18,3
2,0,42835,64,6,595,47,2,23,0
1,1,39922,30,8,156,35,1,9,0
2,0,86424,12,1,1226,62,0,28,0
0,1,17117,96,9,128,40,1,11,0
1,0,24762,16,8,86,46,1,9,2
1,1,35797,16,8,68,43,1,7,0
1,0,36627,78,5,16,43,2,4,0
0,1,51111,83,6,55,37,2,7,0
2,0,86857,96,2,2114,46,0,22,1
2,1,82072,67,1,2018,48,0,19,0
2,0,46231,87,9,263,65,3,15,0
1,1,42243,34,7,55,59,2,7,0
1,1,51195,46,8,564,56,2,24,0
2,0,68092,7,5,1281,40,0,20,0
1,1,31814,73,9,83,45,1,7,1
2,0,51390,54,5,353,53,2,18,0
1,1,76630,93,1,1003,35,0,25,0
0,0,26868,52,7,14,27,1,4,0
2,0,48948,53,6,902,75,0,24,2
2,0,55260,81,6,1139,46,1,25,0
1,1,64090,8,5,797,62,1,20,1
1,0,78331,97,4,1638,60,1,25,0
2,1,37087,50,6,401,44,1,17,0
1,0,21846,38,8,84,32,1,11,0
1,1,81320,61,2,928,60,0,18,0
1,0,54137,46,6,203,48,1,11,0
1,1,66825,73,2,858,51,0,16,0
1,1,57100,19,3,409,45,0,13,0
1,1,58917,10,5,282,49,3,16,0
1,0,85072,94,0,1423,41,0,18,0
1,0,86429,10,2,1449,57,0,18,2
1,0,45684,37,7,28,47,1,4,0
1,1,47889,94,5,67,44,1,6,0
2,1,45921,23,4,199,32,0,10,0
2,0,78420,75,1,1453,52,0,22,0
1,1,75114,40,2,1253,26,0,19,0
2,0,52278,24,8,1198,55,1,31,1
2,1,35641,11,7,178,46,1,10,1
1,0,95529,29,3,1990,24,0,18,2
1,1,62820,51,1,976,64,0,14,0
2,1,73113,86,2,1001,58,0,15,0
2,1,84169,9,3,1919,36,0,20,3
0,0,42607,30,3,350,64,1,14,0
2,0,74637,73,3,1650,64,0,25,1
2,1,46015,25,7,46,63,2,5,2
1,0,72354,67,1,1228,25,0,19,0
2,0,39858,67,6,95,49,1,7,1
2,1,34469,58,4,62,70,2,9,0
1,1,83033,82,5,1761,32,1,26,1
2,1,24401,98,8,467,39,0,16,0
1,1,77583,93,2,1149,40,0,19,1
0,0,74116,53,2,2052,36,0,19,1
1,0,74293,66,2,1127,25,0,16,0
2,1,68397,6,3,1416,42,1,21,0
2,1,79632,42,2,1113,44,0,20,0
1,0,46107,78,3,125,29,1,7,0
2,0,64950,29,7,966,67,1,25,1
0,1,25443,82,8,32,29,1,5,0
1,0,75127,92,1,833,66,0,19,0
2,1,32892,78,8,46,47,1,8,0
1,1,71796,54,4,960,47,0,17,0
2,1,67536,45,8,1829,48,1,30,1
1,0,55239,59,5,779,47,1,26,0
2,0,60554,8,6,811,43,1,23,0
0,0,64831,51,6,1120,66,2,22,0
2,1,56067,51,5,725,56,1,20,0
1,0,82025,76,1,1187,35,0,12,2
1,1,94384,62,2,2302,65,0,18,4
0,0,14906,86,7,66,32,0,9,0
2,1,51563,60,8,1250,31,0,19,2
0,1,57937,56,3,683,36,1,20,0
1,0,68274,83,3,305,39,2,13,0
1,1,39771,92,4,50,41,1,6,0
0,0,67893,31,8,995,43,1,16,0
2,1,27922,80,4,41,39,1,6,0
2,1,52190,39,5,77,42,2,9,1
2,0,44051,20,6,171,45,2,12,1
2,0,42767,53,8,131,47,2,7,0
2,1,46106,84,6,54,42,2,5,0
2,1,16927,50,8,53,42,2,12,0
1,1,59754,96,5,475,53,1,16,1
1,0,53700,94,5,694,66,1,22,0
1,1,59041,25,5,96,45,2,8,0
2,0,54237,48,6,361,61,1,16,0
1,0,70647,65,2,1079,51,1,26,0
2,0,52597,69,5,578,56,1,20,0
2,1,41021,12,6,64,49,1,7,1
2,1,40233,84,6,149,43,1,13,0
1,1,50183,47,5,231,38,2,17,0
1,1,54753,87,4,728,59,1,21,0
1,1,92955,35,2,1778,45,0,23,3
1,1,33471,47,7,93,45,1,10,0
2,1,34596,48,8,23,44,1,4,1
1,1,44010,46,9,662,38,1,24,0
1,1,84219,27,1,1198,30,0,18,0
2,1,40706,37,7,81,50,3,11,0
0,1,15716,8,8,92,30,1,10,0
0,0,59052,29,5,491,59,1,18,0
2,1,80573,85,2,1564,47,0,24,0
1,1,83715,2,0,926,56,0,24,0
2,1,82576,66,1,1910,59,0,19,1
2,1,56962,60,7,411,53,3,21,0
1,1,35704,54,4,94,66,2,9,0
1,1,53103,70,7,1085,64,1,28,1
0,0,46779,55,4,23,58,2,4,0
1,0,4861,20,14,6,53,0,0,0
2,0,33462,78,7,54,39,1,6,0
1,0,63693,63,6,1150,40,1,29,0
1,1,80763,17,3,1415,68,0,23,3
2,1,65352,43,4,405,44,1,16,0
2,1,82170,13,2,1908,40,0,19,0
1,1,75759,46,5,2486,49,0,26,4
0,0,79689,65,2,1315,42,0,27,0
2,0,35340,1,5,45,62,2,7,0
1,0,85683,6,1,1789,64,0,17,5
0,1,24884,32,7,19,46,1,4,0
2,1,42021,34,9,573,37,1,22,1
1,0,64449,70,4,805,29,1,24,0
1,0,64587,49,3,108,64,2,8,0
1,0,34824,65,6,23,23,0,4,0
1,1,75437,25,6,1493,40,0,23,1
1,1,26091,84,5,89,61,2,9,0
1,1,52845,7,6,936,45,1,25,1
1,0,46086,34,4,343,62,1,16,0
2,0,78028,38,7,528,62,1,20,3
2,0,95169,1,1,1901,31,0,12,3
0,1,56337,25,8,724,37,2,22,3
1,1,22434,25,8,58,31,1,7,0
2,1,36930,50,8,297,64,1,16,0
1,0,36130,46,4,488,64,1,21,2
2,1,65569,96,3,859,65,1,23,0
1,1,83844,57,1,1574,66,0,20,1
1,1,19514,47,8,69,50,2,10,1
2,0,36736,52,6,17,55,2,4,0
1,1,77568,30,5,2194,39,1,21,3
2,1,49187,63,2,116,42,1,8,0
1,0,30168,51,9,279,40,1,18,0
2,1,34053,14,8,103,50,1,7,0
2,1,38196,20,5,44,47,2,9,0
2,1,59412,56,3,406,67,0,15,0
0,1,70924,41,3,1363,53,0,20,1
1,1,54165,72,2,236,49,0,11,0
1,1,32300,1,8,39,45,1,5,0
1,0,20180,27,7,137,42,0,8,0
1,1,34961,77,7,79,45,1,10,0
2,1,28440,87,8,63,44,1,6,0
2,1,64504,81,7,1314,65,3,25,1
2,1,33564,51,5,71,52,1,6,0
1,1,17345,79,8,58,40,1,7,0
2,1,56320,11,4,702,51,1,21,0
1,0,28647,54,7,94,40,1,7,2
0,0,15038,93,9,80,31,1,7,0
2,0,32173,0,4,22,60,1,5,0
0,1,68316,54,6,1211,54,1,32,0
1,1,74538,21,3,1461,47,0,22,2
1,0,91700,58,3,1968,47,0,20,1
1,1,68695,3,2,1091,49,0,16,0
0,1,31056,99,8,55,41,1,5,0
1,1,79593,70,2,1366,45,0,19,1
1,0,28071,65,8,313,38,0,13,0
2,1,37334,44,4,62,60,2,11,0
2,0,46423,6,7,92,46,2,9,0
2,1,37126,9,6,72,47,1,6,2
1,1,47703,95,5,655,65,1,21,0
1,1,61180,70,3,704,59,1,18,1
1,1,38998,92,8,54,64,2,8,0
1,0,8028,62,19,178,27,0,16,0
1,1,76081,85,2,1033,56,0,14,1
1,1,34728,2,6,36,32,1,5,1
2,0,33168,0,7,122,53,1,10,0
2,1,33585,91,4,122,52,1,7,0
2,1,77037,3,3,1123,58,1,27,0
1,1,35196,68,8,497,34,1,18,1
1,1,44529,98,5,691,52,1,25,1
0,1,70924,41,3,1363,53,0,20,1
2,1,28764,16,8,12,52,2,4,1
2,1,69098,82,5,2440,69,0,25,0
0,0,25959,1,6,56,48,2,7,1
2,1,27100,64,7,37,35,1,5,0
1,0,70596,68,2,968,33,0,21,0
1,1,42557,98,8,270,44,1,15,0
2,1,53312,32,7,278,67,0,12,0
1,0,72228,87,3,1250,66,0,22,0
1,1,67605,84,1,938,31,0,17,0
2,1,62845,3,8,1178,69,2,28,1
1,1,65196,34,5,1155,60,2,26,1
2,0,42000,23,5,653,31,0,20,1
2,0,35860,37,5,49,45,2,6,1
2,1,65526,22,2,506,54,1,17,0
1,1,16860,19,7,38,57,2,8,0
1,0,83528,7,1,1650,26,0,23,3
0,0,64176,52,6,1826,53,1,33,0
1,0,22304,91,8,18,62,0,4,0
1,1,67023,93,2,906,40,0,24,0
2,1,32892,78,8,46,47,1,8,0
1,1,70713,23,3,1477,52,1,25,0
1,1,59925,83,6,766,63,1,23,0
1,1,39722,92,5,47,65,1,7,0
1,1,46610,4,6,467,60,0,14,0
1,1,88347,32,1,2116,57,0,21,1
2,1,87171,27,2,1298,37,0,25,2
0,1,26907,10,7,22,42,2,6,0
2,0,50014,9,5,396,50,1,15,0
2,1,41014,65,7,20,40,1,4,0
1,0,66294,68,2,967,53,0,13,0
1,1,36715,16,9,357,47,1,19,1
1,1,79456,12,3,1401,62,0,16,1
1,1,40479,95,4,15,36,1,4,0
2,0,75345,16,3,2087,48,0,20,2
1,1,54233,46,8,981,41,1,26,0
1,0,24163,3,4,17,48,2,6,0
2,1,84460,80,5,523,60,0,22,5
1,1,43776,77,6,23,35,1,4,0
2,0,71691,0,2,1192,60,0,17,1
2,1,85844,62,2,1958,45,0,20,1
2,0,39190,91,5,133,44,1,9,0
1,1,71367,24,2,777,59,0,17,0
2,0,38578,2,8,73,46,2,9,0
2,1,57236,22,3,121,53,2,10,0
1,0,61825,56,4,424,39,1,15,0
1,0,79803,54,1,868,60,1,13,0
0,0,80910,71,1,756,32,0,15,0
2,1,27590,38,7,12,36,1,4,0
1,1,56775,62,5,937,39,1,25,0
1,0,83829,78,1,1862,43,0,17,4
0,1,54210,18,5,367,39,1,14,0
1,1,38508,95,8,443,32,1,20,0
1,1,53187,66,5,267,48,1,13,0
1,1,30023,28,8,61,46,1,6,0
2,0,76045,78,2,1323,58,0,21,1
2,1,50870,13,5,63,66,1,6,0
0,1,15315,27,5,64,48,0,8,0
0,1,65463,17,5,562,44,1,19,1
1,1,66480,71,4,312,53,2,19,0
1,0,76773,79,1,1156,64,0,16,0
0,0,81698,1,5,1104,35,0,16,2
2,0,54466,78,5,16,45,2,4,0
2,0,98777,23,1,2008,58,0,19,1
2,0,16269,75,8,44,34,1,9,0
1,1,71819,70,6,1574,47,1,14,2
2,1,33569,10,8,63,35,1,5,2
2,1,36262,24,6,426,35,0,12,2
0,1,22634,47,8,96,52,0,6,0
0,1,47025,98,9,635,40,1,23,0
1,0,70566,4,3,757,50,1,22,0
2,1,31605,15,7,125,39,1,9,0
2,0,52034,67,7,332,45,2,16,0
1,0,48526,32,3,135,39,1,8,0
1,1,46734,40,7,330,64,1,14,0
1,0,39552,54,8,384,56,2,20,1
1,0,86358,78,8,1722,52,2,18,0
1,1,46931,94,3,78,41,3,7,0
0,0,16581,51,4,24,33,0,4,0
0,0,63998,42,4,1168,66,0,25,1
2,1,67381,67,7,957,67,1,17,1
1,0,25930,87,7,15,51,2,4,0
1,1,42693,29,5,57,40,1,5,0
1,1,85606,89,3,1956,42,1,24,1
1,0,72903,74,4,2013,33,0,21,4
0,1,49669,97,6,326,44,1,14,0
2,1,36778,63,9,77,50,2,9,0
2,0,85696,88,1,1313,56,0,20,1
2,0,10979,34,5,30,29,0,8,0
1,1,49678,81,7,315,57,1,14,0
2,1,56129,65,4,660,65,1,22,0
1,1,37155,51,5,74,29,1,7,0
0,0,21282,76,6,46,40,1,7,0
2,0,33419,76,7,86,56,1,8,0
1,0,63285,84,3,1103,73,0,25,0
2,1,21255,56,4,61,44,1,11,0
1,1,42162,31,6,145,37,1,9,2
1,1,54450,0,8,684,62,2,31,0
2,1,57744,91,8,411,64,1,16,0
1,0,26576,40,9,27,32,1,4,2
2,0,57513,59,6,1060,75,0,27,0
1,1,68142,96,6,1459,54,1,24,0
1,1,7500,61,8,18,39,1,4,0
1,1,83145,14,2,1833,44,0,26,2
2,1,54197,16,1,237,58,1,12,0
2,0,23091,98,7,48,55,2,10,0
1,1,46049,11,7,515,42,2,26,1
1,1,56715,52,4,1020,44,0,15,0
1,1,79410,19,1,1370,57,0,11,0
1,1,57304,61,5,1026,67,1,25,0
1,1,44375,73,5,301,53,1,12,0
1,1,54450,0,8,684,62,2,31,0
1,1,59594,74,7,499,53,1,17,1
1,1,80685,55,2,1004,24,0,21,0
2,1,40344,48,7,218,44,1,12,0
1,1,62710,53,4,606,46,1,22,0
0,1,48985,13,3,75,50,1,6,0
1,1,35322,34,8,106,50,3,9,0
1,1,77142,54,2,990,70,0,17,0
1,0,81657,69,1,1097,49,0,16,0
0,1,14421,81,5,16,22,0,4,1
0,1,20130,99,8,34,44,0,5,0
2,1,74214,3,5,1711,28,0,16,0
2,1,66726,61,7,438,61,2,17,1
0,1,23724,65,8,75,39,1,7,0
2,1,47353,93,5,225,58,1,13,0
2,1,33444,24,8,18,66,2,4,0
1,1,54386,8,3,470,37,1,17,0
1,0,28510,72,5,91,37,2,9,0
2,0,90638,29,1,2525,27,0,18,1
1,1,48070,33,7,504,68,1,19,0
1,1,43140,68,6,235,61,1,11,0
2,0,54959,55,7,1232,57,1,21,2
0,0,15056,76,5,88,60,2,12,0
1,0,26954,17,7,17,47,1,4,0
1,0,22327,94,5,24,33,1,5,0
1,1,44393,86,4,60,53,2,7,0
2,0,62000,25,4,1020,66,1,26,1
2,1,31497,22,8,155,56,1,10,0
0,1,45894,15,5,51,44,2,5,0
2,0,78579,35,3,1812,48,0,16,1
2,0,67369,81,4,1461,49,1,25,3
1,0,58401,55,4,96,58,1,6,0
1,0,62307,94,5,160,66,1,9,0
2,1,43641,50,6,139,49,2,10,0
2,0,63841,64,6,908,50,1,22,0
0,1,46891,91,4,183,53,1,8,0
2,1,70091,11,8,1161,49,1,19,1
2,1,78075,72,1,988,46,0,14,0
0,0,59184,6,5,1072,57,1,27,0
1,1,54809,0,4,174,41,2,12,0
1,1,58113,66,7,758,59,1,22,0
2,1,51412,42,4,195,60,1,11,0
1,0,15287,60,7,31,39,1,6,2
2,1,66636,64,1,1084,61,0,17,0
2,1,50965,87,8,685,62,1,22,1
2,1,84618,96,2,1672,53,0,26,1
1,1,18351,1,7,43,28,0,6,0
2,1,40451,54,5,49,61,2,5,1
1,1,36317,53,7,133,53,1,9,0
1,1,42213,96,7,363,61,1,15,1
1,1,65748,58,1,545,63,1,18,0
1,1,77044,12,4,1065,46,1,31,1
1,1,74918,78,3,2047,49,0,21,1
1,1,56721,64,6,296,46,2,15,0
1,0,42160,26,6,140,43,2,11,1
1,0,61559,8,3,530,53,1,17,0
2,1,33629,49,9,152,55,2,13,0
2,1,68682,56,2,1598,27,0,24,0
1,0,34377,55,7,114,55,1,8,0
0,0,8940,25,8,101,32,1,10,0
1,1,26228,50,8,25,45,1,4,0
0,0,77297,84,4,789,61,0,22,1
1,1,40211,30,8,87,37,2,7,1
2,0,33438,81,5,90,60,2,11,0
2,1,75032,74,3,1215,59,1,20,0
2,0,61284,76,6,811,63,0,22,1
1,1,22518,36,5,61,32,1,7,2
2,1,54730,64,4,405,43,1,18,0
2,1,38452,62,7,72,63,2,9,0
1,0,44421,53,8,189,47,2,14,0
2,1,38197,86,5,40,32,1,5,0
1,0,41986,15,4,63,40,1,10,0
1,1,28427,67,8,52,35,1,7,0
2,1,37395,47,6,39,42,1,5,0
1,1,64722,47,6,805,47,1,25,0
2,1,55249,81,3,130,62,1,8,0
1,1,84906,98,2,1631,46,0,24,3
1,1,28691,56,8,34,29,1,5,0
1,0,44213,48,6,152,66,2,12,0
0,0,25707,18,7,21,34,1,5,0
2,1,59062,74,4,71,51,3,7,0
1,0,76624,68,1,899,56,1,23,1
2,1,66000,36,1,711,71,0,10,0
2,1,27683,90,8,351,40,1,16,0
1,0,1730,65,20,8,47,0,15,0
0,0,7500,63,9,119,26,1,11,0
1,1,40521,82,5,21,50,2,4,0
2,1,20427,63,8,10,45,1,4,0
1,1,65106,55,6,973,43,1,27,1
2,1,69969,64,3,1536,53,0,13,3
1,1,67433,51,4,992,66,2,28,1
2,1,77766,97,6,1529,51,1,34,2
1,1,74716,92,4,860,46,1,17,0
1,0,68118,51,6,928,55,1,23,0
2,1,55158,72,7,418,48,2,18,1
0,1,62972,39,6,587,63,1,16,1
1,1,74190,49,2,641,43,1,19,0
1,1,39356,21,6,23,42,2,4,1
1,1,76653,91,2,2279,49,0,23,2
2,0,35860,37,5,49,45,2,6,1
2,0,90687,98,2,1779,35,0,17,2
2,1,73450,85,3,1804,36,0,27,2
1,1,31454,40,8,48,58,2,8,0
1,0,47139,2,7,83,66,2,7,1
1,0,83829,78,1,1862,43,0,17,4
2,1,53378,41,8,793,55,2,29,1
1,1,19656,94,7,84,48,1,9,0
2,1,45579,10,6,183,70,1,10,0
0,0,85485,73,2,1383,60,0,19,0
1,1,55956,22,4,999,74,0,16,1
2,0,64191,30,3,825,55,1,24,0
1,0,38808,21,8,246,46,1,14,2
2,1,57183,51,8,610,52,2,25,0
2,0,23748,97,8,76,50,1,9,0
1,1,66303,56,8,1286,47,1,22,1
2,1,37368,4,6,30,43,1,4,1
1,1,40800,77,7,99,54,3,8,0
1,0,71847,95,3,1192,40,0,22,1
1,1,46149,36,5,362,43,1,18,0
1,1,78687,13,2,2130,35,0,19,2
0,0,49118,90,7,1229,47,0,28,3
2,1,37633,49,9,38,61,2,6,0
2,1,39767,18,8,485,67,0,17,0
0,1,26997,89,7,434,67,0,13,0
1,0,33986,43,7,44,48,1,5,0
2,1,57091,82,7,496,46,1,18,2
0,1,46831,84,4,78,49,2,7,0
2,1,83151,80,2,2346,46,0,23,4
1,1,52531,68,6,794,47,0,21,0
1,1,15759,12,7,17,62,0,4,0
1,0,22804,75,9,26,47,1,5,0
0,1,43050,10,5,76,45,1,8,0
2,0,42997,91,7,15,41,2,4,0
2,0,48918,21,4,62,55,2,7,0
2,1,60033,28,2,198,64,1,10,0
2,1,34043,97,9,49,40,1,5,0
1,1,57811,49,5,802,52,1,25,1
1,1,78569,14,1,1736,72,0,15,2
1,0,7500,5,6,57,40,2,10,0
2,1,157733,37,1,59,47,1,2,0
1,1,94384,62,2,2302,65,0,18,4
0,1,23148,83,7,37,33,0,6,0
1,0,44267,48,9,310,48,2,16,0
1,1,71626,94,3,1305,39,0,19,1
1,1,60894,61,7,832,52,1,26,0
1,1,50200,70,8,401,42,2,19,0
2,1,81051,43,2,1501,53,0,23,2
1,1,65169,23,6,1189,36,0,28,5
1,1,59868,37,6,1194,46,1,32,0
2,1,65695,50,4,656,58,1,21,0
2,0,64857,78,4,1540,62,0,23,0
2,1,45143,74,7,311,53,1,15,0
0,1,74805,14,2,820,63,1,26,0
0,1,59060,77,4,274,29,1,14,0
2,0,27238,39,9,57,56,2,9,0
1,1,47009,89,4,448,53,1,17,0
0,1,46094,62,7,44,45,2,5,0
1,1,40321,59,7,102,46,2,8,0
1,1,37235,68,4,61,34,1,5,0
2,1,81843,13,3,1643,58,0,27,0
2,1,46692,37,6,397,60,1,15,0
1,1,77382,36,1,1121,50,1,26,1
1,0,37774,28,9,473,41,2,16,2
0,1,18393,2,8,50,44,1,8,0
2,1,72828,17,7,1678,56,1,28,0
1,1,24711,86,7,58,36,0,7,0
2,1,45503,54,5,170,43,1,9,0
2,0,6560,2,17,373,36,0,2,0
2,1,71604,3,4,1196,73,0,17,2
1,1,27244,84,7,101,39,1,8,0
1,1,48752,8,9,316,49,2,17,1
1,1,71434,4,4,1400,56,1,21,2
1,0,90842,57,1,1424,70,0,27,0
2,1,88097,24,9,844,40,1,20,4
1,1,51948,51,5,311,43,1,13,0
1,1,71853,29,1,1149,36,0,17,0
2,1,35876,13,6,129,35,0,8,0
1,0,40049,23,6,32,66,1,5,0
1,0,39660,36,9,299,36,1,14,1
1,1,50127,88,6,320,56,1,13,1
2,1,43263,2,5,441,41,1,16,0
2,1,62845,3,8,1178,69,2,28,2
1,1,18929,15,6,85,28,0,6,0
0,0,24367,58,9,24,36,1,4,0
1,0,33249,11,6,112,43,1,8,0
0,1,26887,27,6,30,59,1,5,0
2,1,50150,32,5,410,35,0,16,0
1,1,62061,12,6,800,42,1,24,1
2,0,85696,88,1,1313,56,0,20,1
2,1,76542,91,2,1483,62,0,23,0
1,0,70515,12,2,1258,25,0,17,1
1,1,18227,21,8,28,31,1,4,0
1,1,69139,23,4,227,53,1,11,0
1,1,69109,10,4,1555,36,0,20,2
1,0,69627,35,5,861,56,1,23,0
1,1,38136,69,8,103,40,1,8,1
2,0,62159,68,4,634,72,0,19,0
1,0,80695,85,2,1918,55,0,19,0
2,0,33316,34,6,131,47,2,10,0
1,1,58554,55,7,586,50,2,22,0
0,1,17256,10,8,62,26,1,7,1
1,0,53034,30,8,447,44,2,22,0
0,1,52203,36,6,939,68,0,27,0
0,0,59601,14,8,797,41,1,15,1
2,0,75154,79,3,1143,60,1,16,1
1,0,47025,52,6,415,42,1,17,0
1,1,37971,97,8,30,45,1,5,0
2,0,41335,24,7,187,50,1,12,0
1,1,67267,0,2,251,60,1,11,0
1,0,57338,96,5,237,43,1,12,0
0,1,50523,89,6,91,58,2,8,0
2,0,35791,94,8,35,53,3,6,0
2,0,50611,98,6,493,58,1,22,1
2,1,56242,72,6,971,49,1,28,0
1,0,48904,1,8,371,58,1,17,0
1,0,56243,26,5,396,43,3,20,0
1,1,21355,5,6,68,33,1,7,2
2,1,57420,22,7,322,47,1,15,1
2,0,46390,56,7,222,63,1,10,0
0,1,54342,74,6,177,62,2,12,0
1,1,20895,24,9,45,45,1,6,0
1,1,92344,9,1,1899,70,0,20,2
0,1,26907,10,7,22,42,2,6,0
1,1,44964,35,8,41,38,2,5,0
1,1,75507,56,3,1440,39,0,21,0
2,1,53761,7,5,325,46,2,17,0
1,1,22682,51,4,95,45,1,10,0
2,1,38887,17,7,42,46,1,5,0
0,0,41658,30,4,72,43,2,6,0
2,1,29791,21,5,20,46,1,7,0
2,1,63915,2,5,789,62,2,23,0
1,0,39996,85,6,15,44,2,4,0
1,0,26759,65,6,59,46,1,8,0
2,0,63841,64,6,908,50,1,22,0
2,1,51039,11,7,417,49,2,14,0
1,1,60544,92,6,289,57,2,15,0
1,1,65685,54,5,769,46,1,21,0
1,1,37716,4,7,188,65,1,10,0
1,0,36864,53,8,354,61,1,14,1
2,1,44511,39,8,727,48,1,26,0
2,1,36947,49,9,146,51,2,11,0
2,1,47352,70,7,319,67,1,16,0
2,1,67087,40,4,794,65,1,22,0
1,1,57045,40,3,454,68,1,18,0
2,0,36957,43,9,152,65,2,11,1
2,1,69389,17,4,797,41,1,22,0
1,1,80134,40,6,1690,46,1,16,4
2,1,43142,84,7,20,49,2,4,0
1,1,80589,25,1,1428,74,0,21,2
1,0,34412,62,9,209,28,1,11,0
1,0,57537,83,4,545,39,1,19,0
0,1,22634,47,8,96,52,0,6,0
1,1,51315,45,2,222,70,0,10,0
1,1,36026,34,6,61,46,3,7,0
1,1,24639,3,6,44,45,2,9,0
2,1,34578,1,6,8,46,3,4,0
0,0,65704,18,1,817,46,0,23,0
1,0,63810,45,8,1371,52,1,23,1
2,1,54132,81,7,42,49,1,5,0
1,1,18690,77,8,60,59,0,5,0
1,1,28164,23,7,78,48,1,9,0
2,1,34596,48,8,23,44,1,4,0
2,1,43269,61,8,19,46,1,4,0
0,0,38741,60,7,61,60,2,7,0
1,0,31907,75,7,449,46,0,14,0
2,1,27100,64,7,37,35,1,5,0
0,0,31163,54,6,38,45,1,5,0
1,1,92533,84,2,1131,33,0,23,2
1,0,34853,75,6,34,45,2,7,0
1,0,70844,16,7,294,51,2,17,0
0,1,31086,79,8,48,39,2,6,1
1,1,60544,92,6,289,57,2,15,0
0,1,20491,16,7,30,32,0,4,0
1,1,42523,96,2,125,54,0,7,0
1,1,39922,30,8,156,35,1,9,0
1,1,33402,60,8,70,66,2,9,0
2,1,36408,11,6,22,69,2,4,0
1,1,21645,75,9,65,39,1,9,1
2,0,78427,36,3,1930,70,0,23,2
1,1,82657,71,4,2283,72,0,23,2
1,1,51876,88,1,310,60,0,13,0
0,1,78041,93,2,1319,47,0,18,0
1,1,52852,93,8,879,61,1,26,1
2,1,70038,54,2,1244,36,0,17,0
0,1,69401,41,2,690,45,1,17,0
1,1,46053,46,5,209,46,1,12,0
1,1,77343,28,1,1134,53,0,17,0
1,0,73892,40,1,1507,65,0,23,1
2,0,40304,82,7,57,51,1,6,0
2,1,32727,38,8,529,53,0,17,0
1,1,68695,3,2,1091,49,0,16,0
1,0,43300,87,8,180,47,1,11,1
1,1,26290,49,6,77,46,2,10,0
1,0,93790,16,2,2349,48,0,25,4
2,1,38410,65,6,534,44,0,18,1
2,0,64866,9,5,556,68,1,21,1
1,1,57957,24,3,637,59,1,25,0
2,1,46015,25,7,46,63,2,5,2
1,1,16531,43,7,44,40,1,9,0
2,1,28072,10,7,47,32,1,5,0
2,0,49476,29,2,795,55,1,22,0
1,1,50725,45,8,586,65,1,21,0
1,1,83844,57,1,1574,66,0,20,1
2,1,41145,20,3,13,68,2,4,0
1,1,67419,29,5,1471,48,1,25,0
0,1,23162,82,6,65,48,2,8,0
1,1,34380,68,8,175,41,1,12,0
1,0,34704,65,5,40,52,1,5,0
2,1,94871,99,7,1078,49,2,18,3
1,1,65148,9,4,1115,60,1,21,0
1,1,39898,20,7,134,64,1,9,0
2,0,64857,78,4,1540,62,0,23,0
2,1,59892,26,3,87,48,1,7,0
2,0,41020,68,3,217,31,0,10,0
2,1,57072,79,5,1034,57,1,27,1
1,0,60474,25,7,1180,39,1,31,0
1,1,62807,83,5,819,58,1,23,0
0,1,19414,32,8,32,37,1,5,0
1,1,19107,49,7,46,38,1,6,0
0,1,75484,50,4,1159,42,1,18,0
2,0,70379,84,4,860,42,1,25,0
2,1,79419,96,2,1631,48,0,15,0
2,1,64014,56,7,444,72,3,22,1
1,1,76998,85,6,1910,63,1,29,1
2,1,49854,63,6,380,46,1,18,0
2,1,60585,17,5,736,47,2,30,1
2,0,42873,11,8,269,68,2,15,0
1,1,87679,62,4,2524,30,0,29,4
1,1,57867,48,6,612,40,1,25,0
1,1,35765,86,6,75,28,1,8,0
1,1,65492,73,2,1045,59,0,26,0
1,0,32952,36,7,55,41,1,6,0
2,1,53374,34,9,1064,49,1,21,2
1,1,71706,16,5,1443,59,1,25,0
1,1,68487,48,4,1366,30,0,30,0
2,1,53253,61,5,436,43,2,19,0
0,0,31163,54,6,38,45,1,5,0
1,1,42014,56,8,436,41,1,20,1
2,1,54108,74,8,747,45,2,32,0
2,0,49667,35,8,1396,63,0,22,2
2,1,63206,65,2,928,44,0,14,1
2,1,57136,48,6,642,46,2,26,0
0,1,46772,88,8,1048,43,1,30,1
2,1,78931,19,1,943,47,0,24,0
1,1,53977,21,5,907,60,1,27,0
1,1,84219,27,1,1198,30,0,18,0
2,0,46098,86,8,120,43,2,11,0
1,1,73538,92,7,1658,53,1,26,0
1,1,79529,1,2,1638,32,0,22,0
0,1,20981,14,8,73,41,0,7,1
1,0,51766,74,5,275,38,1,12,0
1,1,55759,84,8,854,56,1,26,0
1,1,33039,4,5,78,40,1,7,0
2,1,37787,50,8,106,46,1,7,0
1,0,27242,2,9,106,48,1,7,1
2,0,87188,73,3,1923,35,0,19,1
1,1,69930,21,3,1662,47,0,22,0
1,0,37697,82,6,84,42,1,7,0
2,1,37401,14,7,48,45,1,7,0
1,0,3502,56,14,5,45,1,0,0
1,1,58597,20,7,733,42,2,32,0
2,0,82032,54,1,1234,70,0,17,0
1,1,28087,77,7,112,60,2,9,0
2,0,74004,5,3,1658,31,0,15,3
1,1,19740,65,5,55,58,1,7,0
0,1,57036,33,9,1513,43,1,26,1
0,1,53083,65,7,271,60,2,17,1
2,1,69283,41,5,904,43,1,27,0
2,0,46098,86,8,120,43,2,11,1
0,1,23331,92,8,103,30,1,8,0
0,0,23331,97,9,269,30,1,17,0
1,0,9255,91,8,22,29,1,5,0
2,0,67786,0,1,1156,59,0,16,1
2,1,71969,59,8,1086,47,1,19,1
2,0,59235,4,7,1128,51,1,28,0
1,1,31928,5,7,72,29,1,9,0
2,1,74881,48,5,964,57,2,27,0
1,1,65819,99,3,1383,40,0,20,0
2,0,51411,81,5,18,65,3,4,0
1,0,51983,95,7,793,54,1,24,0
2,1,42386,43,8,100,32,1,7,0
0,1,30390,5,6,80,31,0,6,0
1,0,30983,50,8,167,55,0,8,1
1,0,66033,76,7,677,61,1,20,0
0,1,37284,46,6,23,43,2,4,0
2,0,57530,68,1,92,67,1,7,0
0,1,76800,33,1,641,53,0,16,0
1,1,63943,50,5,1106,62,1,17,0
1,1,76081,85,2,1033,56,0,14,1
1,1,67445,63,6,1174,44,1,32,0
2,1,37054,89,7,25,51,2,6,0
2,1,47175,81,8,240,56,2,17,2
1,0,31859,77,7,20,42,1,4,0
1,0,27215,50,6,102,57,3,11,0
2,0,70179,10,5,1034,42,1,26,0
1,1,39922,30,8,156,35,1,9,0
2,1,49681,66,7,458,42,2,21,0
1,1,24645,16,8,17,30,1,4,0
1,0,79865,12,1,792,64,1,21,0
1,1,44322,30,8,92,33,1,8,0
1,0,47958,8,5,407,66,1,16,0
2,0,63972,93,4,1269,54,1,23,1
1,1,75315,14,2,841,64,1,23,0
2,1,55517,53,9,633,68,2,23,1
2,1,75283,26,4,1019,61,3,25,0
2,0,82800,23,3,1315,72,0,26,3
1,1,38998,92,8,54,64,2,8,0
2,0,90638,29,1,2525,27,0,18,2
2,1,27161,41,7,52,32,1,5,0
1,1,42014,56,8,436,41,1,20,1
2,1,38201,19,8,268,58,1,15,0
1,1,45203,4,6,147,36,2,8,1
2,1,81574,89,1,1798,71,0,18,2
1,1,34935,71,7,137,26,0,8,0
2,0,60482,81,7,507,42,1,17,0
1,1,34633,31,6,15,62,3,4,0
2,1,78093,53,1,1105,71,0,17,0
1,0,82460,78,1,974,68,0,15,0
2,1,45903,80,4,66,52,1,8,0
1,0,81361,18,1,778,31,0,27,1
2,0,35860,37,5,49,45,2,6,2
2,1,40442,52,7,169,66,2,12,1
1,1,61482,39,2,299,53,0,12,0
1,1,34968,11,7,221,38,1,17,0
1,1,75794,33,3,1682,31,0,25,1
2,1,31497,22,8,155,56,1,10,0
1,1,74268,83,2,892,63,0,13,0
0,1,13724,43,9,58,30,1,5,1
2,1,45143,74,7,311,53,1,15,0
2,0,52569,54,3,95,51,1,7,0
2,0,48432,3,8,424,45,1,19,1
2,1,17144,96,7,47,58,2,12,0
1,0,36108,68,9,339,34,1,15,1
1,1,76445,2,6,1410,47,1,21,0
2,1,36663,40,2,35,43,1,6,0
2,1,53843,64,7,562,53,1,20,0
2,1,90226,26,2,2352,62,0,24,1
2,0,70638,69,3,1334,63,0,20,1
1,1,44512,57,4,32,58,2,6,0
1,1,27116,78,7,41,57,2,7,0
2,1,54072,71,8,39,55,2,5,0
1,1,71855,59,3,1141,41,1,25,0
0,0,51250,28,9,710,28,1,24,1
2,1,60432,61,6,401,45,1,19,0
2,1,65526,22,2,506,54,1,17,0
1,0,68655,95,3,1538,30,0,21,0
0,1,12393,38,9,57,40,0,6,0
1,0,64509,19,4,1722,28,0,19,2
1,0,33955,92,8,270,43,1,15,0
1,1,31353,24,8,31,41,2,6,1
1,1,55434,21,4,882,34,1,24,0
1,1,28359,35,7,16,35,1,4,0
1,0,57100,9,3,311,31,1,14,0
1,1,69139,23,4,227,53,1,11,0
2,1,52973,92,8,1152,62,1,31,0
2,1,51717,55,7,122,53,1,8,1
1,1,18793,14,8,77,47,1,9,0
0,1,66664,78,3,1289,36,0,19,0
1,0,50664,64,9,561,59,2,24,0
1,1,54414,49,4,211,55,2,13,0
2,1,54549,8,7,233,66,1,12,0
2,0,47111,35,9,1092,47,1,21,0
2,0,41003,11,6,601,55,0,17,0
1,1,19444,8,7,54,36,1,10,1
0,1,36301,53,7,78,42,1,7,0
2,1,73059,36,4,1095,71,1,26,0
2,1,42731,64,5,244,49,1,13,0
2,1,52854,43,5,116,59,2,9,0
1,1,22775,40,8,15,40,1,4,0
2,1,46681,52,5,425,70,2,16,0
2,1,59821,11,8,734,63,1,26,0
1,0,50002,21,7,638,64,1,19,0
1,1,69755,23,1,894,73,0,22,0
1,1,44078,17,5,41,49,2,7,0
2,1,30560,6,7,31,42,1,5,0
2,1,35924,56,5,34,49,2,5,0
2,0,64140,71,5,1750,54,2,18,4
1,1,56386,51,9,612,37,2,25,0
0,1,24594,94,5,29,39,1,5,0
0,1,75774,27,4,823,37,1,21,0
2,0,39228,1,4,20,58,0,4,0
2,1,58494,56,6,396,44,1,16,0
1,0,58684,71,2,813,37,0,21,1
1,0,57136,18,6,1179,51,0,20,1
2,0,56551,48,4,138,68,2,10,0
1,1,22448,86,3,55,36,1,9,0
1,0,82014,48,6,1511,57,0,22,1
1,0,34213,2,9,117,55,2,9,1
1,1,157146,13,1,1730,41,0,28,0
2,0,25358,57,6,32,71,1,6,0
2,0,35544,77,7,67,40,1,6,0
2,1,36634,0,7,335,64,1,15,0
2,1,62670,57,3,825,64,1,22,0
0,1,50334,24,6,694,46,1,23,0
1,0,72066,55,2,1792,37,0,17,3
2,0,50729,62,6,496,60,2,24,0
1,1,34916,89,9,231,50,2,13,0
1,0,64892,77,4,902,42,1,24,0
1,0,43602,45,6,68,52,2,9,0
2,0,33996,46,4,71,29,0,6,0
0,0,41473,80,7,76,33,1,6,0
2,1,63246,60,4,772,51,2,22,0
2,1,36732,71,2,47,59,2,9,0
2,1,69084,43,8,1586,48,1,25,0
2,1,77766,97,6,1529,51,1,34,2
2,0,37929,49,7,265,33,0,13,3
1,1,86610,66,2,1603,67,0,18,0
2,1,80141,20,6,2091,32,0,22,2
0,1,72635,54,3,981,63,0,21,1
1,1,69016,61,5,1533,48,1,34,0
0,1,20193,18,4,82,27,0,7,0
1,1,27573,45,8,244,43,1,14,0
0,0,15862,26,8,36,39,1,5,0
2,1,49544,0,7,404,42,1,16,0
1,1,33228,28,7,71,38,1,6,0
1,1,70440,49,3,1572,40,0,23,1
1,1,38232,84,5,122,47,2,11,0
2,1,22554,38,5,41,63,2,10,0
2,1,23536,53,3,10,35,1,4,0
1,1,49413,88,5,304,66,1,13,0
1,1,42231,99,5,37,49,2,5,0
2,0,78789,12,2,1754,38,0,16,1
1,1,56534,35,8,815,50,1,25,3
1,0,58350,5,6,1001,47,1,27,0
1,0,81217,77,1,1157,29,0,22,0
1,0,49090,45,7,688,67,1,21,0
2,0,61787,71,5,1319,31,0,19,0
2,1,18169,40,8,21,33,1,4,0
0,0,24336,82,7,31,37,1,4,0
1,1,18222,70,8,67,28,0,6,0
1,0,62335,87,2,708,66,1,21,0
0,1,42033,95,7,25,47,2,4,0
2,1,86580,72,1,746,35,0,11,1
2,0,41437,5,7,32,61,2,5,0
2,0,73705,86,5,1695,67,2,25,0
1,1,61064,80,6,1080,42,1,28,0
2,1,38452,62,7,72,63,2,9,0
1,0,18358,49,7,57,29,1,10,0
2,1,55012,85,5,660,45,1,25,0
0,1,9722,7,8,103,45,1,11,1
2,1,38175,6,7,153,34,1,11,0
2,1,58656,25,6,1220,62,1,32,1
1,1,52117,55,7,279,53,1,13,0
1,1,64813,81,5,745,40,1,20,0
2,1,54222,98,3,264,45,1,12,0
1,1,83512,31,1,2157,32,0,22,5
2,1,77520,30,4,1526,59,1,23,4
1,1,41154,98,5,69,40,1,6,0
1,1,80398,92,3,1597,52,0,26,1
0,0,18746,41,6,64,26,1,8,0
1,1,35196,68,8,497,34,1,18,0
1,0,60230,78,5,1067,62,1,17,0
1,1,22108,46,7,31,41,2,7,0
1,1,44392,71,7,211,44,2,14,0
2,1,55424,6,6,877,42,1,25,2
1,1,17688,82,8,11,39,1,4,0
2,1,92491,71,3,2034,35,0,25,4
1,0,90273,32,2,1991,27,0,19,4
2,0,82571,28,2,1686,56,0,24,1
2,0,38513,20,8,324,36,1,17,1
2,0,16653,10,6,69,39,1,9,1
1,1,42586,7,8,252,63,2,16,1
0,0,23529,67,6,54,53,1,5,0
2,1,74881,48,5,964,57,2,27,0
1,1,71107,61,4,1327,67,1,28,0
2,1,46910,36,6,68,54,2,7,0
1,1,18690,77,8,60,59,0,5,0
1,0,37244,90,7,55,63,2,5,1
1,1,82427,35,1,1456,52,0,21,1
0,0,75342,38,4,563,60,1,18,0
1,0,70044,46,5,1504,64,1,26,0
1,0,79146,33,6,564,51,2,19,0
1,1,77437,70,1,1125,55,0,23,1
1,1,54984,51,7,358,59,1,17,1
2,1,42403,18,8,42,47,1,5,0
1,1,55761,97,6,184,54,1,10,1
1,1,37292,32,8,460,35,1,19,0
2,0,45576,9,8,145,73,0,8,1
1,1,70321,6,4,1376,71,0,25,1
2,0,58086,80,8,792,49,1,23,0
1,1,81795,74,2,1382,66,0,23,0
0,1,28389,49,7,28,71,0,4,0
2,1,66835,21,2,1033,72,0,24,0
1,0,69901,95,5,882,49,1,23,0
2,1,80360,56,2,2231,69,0,15,3
2,1,63342,48,6,1101,57,1,19,2
1,1,44989,26,6,369,44,1,16,0
0,0,31859,3,7,48,38,1,5,0
2,0,51569,39,8,467,69,1,19,2
1,0,30372,33,7,44,47,2,8,0
0,0,16014,42,3,38,39,2,10,0
1,1,41120,80,6,81,50,2,9,0
2,0,39763,9,9,167,47,1,10,1
2,1,38725,52,4,45,63,2,7,0
1,1,77981,78,5,664,46,1,21,0
0,1,62905,68,4,622,54,1,20,0
0,0,13533,45,7,48,39,1,7,0
1,1,59481,47,2,461,43,1,16,0
1,1,72117,34,5,1073,41,1,26,0
0,1,21955,81,6,55,32,1,8,0
1,1,67131,72,6,976,62,1,26,0
2,0,36802,23,5,20,38,1,5,0
1,1,71853,29,1,1149,36,0,17,0
0,1,28249,80,6,43,57,0,6,0
2,1,47808,30,7,224,43,1,10,1
2,0,25509,15,9,101,44,1,9,1
2,1,51012,86,6,209,72,0,10,0
1,0,70596,68,2,968,33,0,21,0
2,1,85431,54,0,1165,66,0,17,0
1,1,42664,44,6,24,51,1,5,0
1,1,42586,7,8,252,63,2,16,1
1,0,29760,87,8,165,33,1,12,0
2,1,28973,59,8,269,41,0,13,0
2,1,39435,16,7,102,45,1,7,0
0,1,65370,1,1,461,34,0,19,0
0,0,20194,64,6,47,39,1,7,0
2,0,42473,72,5,144,42,2,10,0
1,1,64590,98,6,1338,50,0,24,0
1,1,71232,91,7,917,59,1,25,0
1,1,34600,8,8,318,47,2,17,1
1,0,46904,20,8,253,51,2,14,0
1,1,49094,6,6,502,45,1,20,0
1,1,36075,54,6,119,35,1,7,0
0,1,60839,72,8,1250,39,2,29,0
1,1,77298,46,3,969,39,1,24,0
1,1,34026,11,5,76,68,2,9,0
2,0,48918,21,4,62,55,2,7,0
0,1,82122,89,1,1382,56,0,26,1
1,0,37697,82,6,84,42,1,7,0
1,1,34074,69,6,255,66,2,14,1
2,1,28520,55,6,43,58,2,5,0
1,0,62535,13,3,398,63,1,14,0
2,0,36273,80,6,76,41,1,8,0
1,1,63404,97,4,902,54,2,15,1
0,1,75774,27,4,823,37,1,21,0
1,1,78416,99,3,1179,42,1,26,0
1,1,75702,87,6,1921,44,1,29,1
2,1,59385,85,5,185,67,2,10,0
1,0,37070,30,7,433,52,2,23,1
1,1,44689,82,7,34,67,2,6,1
1,1,53977,21,5,907,60,1,27,0
2,0,7144,92,0,416,52,2,25,0
1,0,18701,95,5,44,54,2,10,0
1,1,90369,2,1,1588,62,0,17,1
2,0,63159,74,3,1797,44,0,17,1
1,1,37758,49,8,40,52,2,6,0
2,0,46757,71,9,1143,55,1,21,0
2,1,79734,72,1,914,49,0,14,1
1,1,63207,68,7,1502,26,0,12,1
1,0,72071,4,2,1338,64,1,20,0
2,1,21840,80,9,27,35,1,5,0
0,1,58582,15,5,763,36,1,22,1
1,0,72282,70,7,1331,67,0,22,1
1,1,50387,91,5,525,62,2,19,0
2,1,32583,10,7,9,57,2,4,0
1,1,62568,99,4,953,56,1,16,1
2,0,44635,25,7,68,47,2,7,0
2,0,33316,34,6,131,47,2,10,0
1,1,63967,57,2,882,50,1,23,0
0,1,52513,84,7,1149,40,0,25,0
1,1,25293,51,8,37,49,1,5,0
2,0,54111,97,5,388,53,1,15,0
1,1,78394,13,2,1428,32,0,16,1
2,1,80739,92,1,1633,60,0,24,0
2,1,22669,30,9,173,43,1,10,1
1,0,29236,30,9,99,31,1,9,0
1,1,44911,11,7,215,59,1,12,0
2,1,54693,72,6,929,56,1,31,0
1,1,48186,39,7,219,44,1,12,0
1,1,54809,0,4,174,41,2,12,1
1,1,41580,15,5,92,40,2,9,0
2,1,80336,12,1,1052,48,0,25,0
1,1,47743,56,6,275,61,1,14,1
0,1,62972,39,6,587,63,1,16,0
2,0,57333,55,6,1662,64,1,33,1
2,1,32313,60,9,159,36,1,11,0
2,0,84953,73,2,1024,65,0,18,4
2,0,27071,90,6,35,50,1,7,0
2,1,68148,86,2,1042,61,0,15,0
2,1,65735,37,7,395,53,2,19,0
2,1,86836,7,5,557,43,0,23,4
2,1,4023,29,19,9,55,2,15,0
1,1,30093,19,7,69,28,0,6,0
2,1,57705,14,6,486,52,1,18,0
1,0,25008,72,8,34,30,1,6,0
0,0,83257,56,6,1365,23,0,28,3
1,1,22280,85,8,13,43,1,4,0
2,1,72159,62,2,1401,40,0,21,0
1,1,64260,1,3,1574,57,0,14,1
2,0,82733,28,4,1323,34,0,20,1
2,0,74290,70,6,1217,47,1,32,2
2,0,58217,84,6,103,67,3,7,0
2,1,21024,89,7,84,42,0,7,0
2,1,70116,73,1,1536,46,0,23,0
1,1,54006,42,7,581,33,1,18,0
2,1,69063,16,3,928,52,1,14,0
0,0,11448,16,6,14,43,0,4,0
1,0,61825,56,4,424,39,1,15,0
1,1,70886,65,2,960,47,1,14,0
1,1,69109,10,4,1555,36,0,20,2
1,0,60208,13,7,656,45,2,29,2
2,1,32889,78,5,55,50,2,9,0
1,0,34738,51,6,20,34,1,5,0
2,1,30538,27,10,367,47,1,17,0
0,1,82326,30,2,2257,41,0,22,4
2,0,26642,71,6,42,51,1,7,0
1,0,69932,97,4,1049,54,1,26,0
1,0,44503,83,6,48,46,2,7,0
2,0,60200,3,6,685,70,1,25,0
1,0,49638,71,2,39,66,1,5,0
0,0,23830,3,7,43,31,0,5,0
2,0,33051,15,9,835,59,0,21,1
1,1,72905,52,1,1515,60,0,20,1
2,1,69702,8,4,1039,67,1,26,0
1,0,70300,89,8,1596,43,1,26,0
2,1,70643,66,6,1828,34,0,18,1
2,1,30396,22,7,34,49,1,6,2
2,0,50616,56,7,149,50,1,10,0
2,0,62772,74,2,946,49,1,23,1
2,0,30298,48,3,28,33,0,6,0
1,0,52413,67,7,450,34,1,17,0
2,1,44155,24,4,46,61,2,5,0
2,0,86979,67,2,1702,47,0,16,2
1,1,76532,38,5,820,43,2,25,0
1,1,42081,86,6,382,36,1,15,1
2,1,67546,90,3,2126,30,0,20,0
2,1,88420,87,1,2069,29,0,20,3
1,1,31158,62,8,72,33,1,7,0
1,0,61671,23,8,732,50,1,28,2
1,0,69719,99,1,801,44,0,11,0
1,0,49160,29,6,236,69,1,12,0
0,1,24882,52,6,80,40,1,5,1
2,0,90933,90,1,1685,64,0,15,1
2,0,113734,9,1,277,73,0,27,0
2,1,59292,71,3,507,68,1,18,0
2,1,45759,13,7,68,54,2,7,0
1,0,22148,16,7,49,35,0,5,0
2,1,73395,94,2,397,31,0,15,0
1,0,29819,77,6,39,47,1,9,0
1,1,45688,20,4,306,50,1,14,1
1,1,62820,51,1,976,64,0,14,0
2,1,60491,81,5,1028,47,1,28,0
1,1,33235,71,7,70,32,1,7,0
1,1,35701,36,6,46,59,0,5,0
2,1,31535,95,7,51,38,1,5,1
0,1,92556,32,0,1263,58,0,21,0
1,0,67384,32,5,1490,48,1,22,1
2,1,80573,85,2,1564,47,0,24,0
1,1,77870,93,8,1815,51,1,18,3
2,0,52278,24,8,1198,55,1,31,0
1,0,57107,44,8,416,50,1,23,3
1,1,18929,15,6,85,28,0,6,0
2,0,36038,82,6,47,37,1,8,0
1,0,20180,27,7,137,42,0,8,0
2,1,34230,72,7,21,53,2,4,0
0,0,31878,7,3,70,41,1,6,0
0,1,70932,57,3,909,46,1,22,0
1,0,91249,84,4,1676,62,0,22,5
2,0,77598,53,3,1735,75,0,26,1
1,0,80982,48,5,1191,59,2,30,0
2,1,22701,2,5,24,41,1,5,0
2,1,55212,65,8,1182,49,1,20,2
1,1,70617,45,2,1280,48,0,14,0
1,0,64849,42,5,1336,61,0,19,1
2,1,62694,29,7,749,53,2,24,0
2,1,61917,83,5,91,44,2,7,0
2,1,67472,93,3,414,71,1,15,0
2,1,21059,40,6,44,36,1,9,0
2,1,29543,47,7,63,50,2,8,0
1,1,75903,50,3,901,67,1,23,0
0,1,34984,40,7,38,43,2,6,0
2,0,54998,3,4,455,62,1,20,1
2,0,54356,62,8,775,69,1,24,1
2,1,34242,25,5,15,59,1,4,0
1,1,25410,48,4,38,45,1,6,0
2,1,73356,56,2,1512,34,0,22,4
1,1,28320,68,8,43,68,1,5,0
1,0,23763,64,7,42,41,1,5,0
1,1,72570,67,1,1089,34,0,23,0
2,1,34529,94,7,162,42,1,9,0
1,0,70792,82,3,1272,67,0,19,0
1,1,63211,3,2,1173,36,0,20,1
2,1,83891,24,1,816,44,1,22,0
1,0,36065,54,8,74,50,2,9,0
1,1,39898,20,7,134,64,1,9,0
2,0,51141,96,5,157,78,0,9,0
1,1,56939,19,3,561,42,1,18,0
1,0,80872,60,1,1336,67,0,19,0
2,1,72335,2,8,2092,42,0,23,1
2,0,61798,13,4,463,54,0,16,0
2,0,76842,37,0,1130,68,0,17,0
1,1,29478,59,6,20,42,1,5,0
1,0,46998,55,7,377,62,1,18,1
1,0,96843,60,2,1544,28,0,28,2
2,0,56551,48,4,138,68,2,10,0
2,1,70053,38,5,1012,53,1,26,0
2,0,71670,8,6,1766,56,0,15,4
1,1,44359,19,3,45,40,2,9,0
1,0,40887,32,9,161,66,2,10,1
1,0,48877,27,7,144,52,1,8,0
1,1,74485,58,3,1734,71,0,26,0
1,1,64474,59,5,823,46,1,22,0
1,1,77226,29,3,1138,55,1,28,0
1,0,72643,60,2,1429,69,0,21,2
2,1,85738,41,1,1371,40,0,21,2
1,0,55686,27,4,982,52,1,16,1
1,0,39062,28,4,44,35,1,5,1
1,1,34600,8,8,318,47,2,17,1
1,1,40794,18,7,434,43,1,16,0
0,1,54690,76,3,198,47,2,12,0
1,1,4428,0,1,359,49,1,25,0
0,1,32632,32,5,576,55,0,18,0
2,0,38236,2,7,88,50,2,11,0
1,1,36781,16,8,63,39,1,6,1
2,0,31385,56,8,27,34,1,4,2
1,1,24570,97,9,193,34,1,11,0
2,0,25509,15,9,101,44,1,9,1
1,1,94642,35,1,2211,67,0,21,2
2,1,58646,3,4,140,56,1,8,0
1,0,53201,49,7,415,43,2,22,0
1,1,21994,4,5,22,61,1,4,0
1,1,57113,45,7,263,40,2,16,0
1,1,51373,37,4,393,27,0,12,0
1,1,23477,39,8,147,32,1,10,0
1,1,58116,38,2,443,62,1,16,0
2,0,72968,8,3,1958,55,0,19,2
2,1,39791,89,7,174,47,1,10,0
2,0,91712,47,3,2217,71,0,27,2
1,0,94472,75,5,1691,60,1,16,2
1,1,13672,86,8,25,58,2,6,0
0,1,96547,4,2,809,38,0,21,4
1,1,79205,73,4,895,43,0,16,2
2,1,56559,46,4,484,43,1,18,0
2,1,32644,38,8,413,45,1,18,1
0,0,67506,73,3,331,38,1,12,0
1,0,24206,66,6,25,48,1,5,0
2,0,28420,36,6,13,51,1,4,0
1,1,22979,29,8,115,48,1,10,1
1,0,33279,29,3,16,52,0,4,0
2,0,46423,6,7,92,46,2,9,0
1,1,30368,97,8,52,41,1,7,0
1,1,63684,61,5,1464,48,1,23,0
1,0,41638,68,8,441,54,1,17,1
2,0,68805,73,2,283,59,1,12,0
2,1,65814,90,5,747,52,1,23,0
1,0,71964,81,3,1870,60,0,17,0
1,0,39146,1,8,165,32,1,11,0
1,1,96876,79,2,1941,41,0,24,4
0,1,34445,92,9,839,37,0,27,0
1,0,68281,31,5,1655,60,0,25,1
0,1,37284,46,6,23,43,2,4,0
1,1,36790,14,9,66,35,0,6,1
1,1,27943,89,8,37,51,2,8,0
1,0,22263,31,6,21,67,2,6,0
1,1,30261,75,8,22,46,3,4,0
1,1,28587,42,6,78,40,1,9,0
2,1,43815,53,6,79,36,1,6,0
1,1,48195,53,6,265,62,2,17,0
2,1,77027,23,4,1175,66,1,19,0
2,1,71322,57,4,1305,53,1,28,0
2,1,32765,49,5,46,39,1,8,0
1,1,29672,6,6,25,53,2,4,0
1,0,23272,29,4,46,65,0,5,0
2,1,49912,5,8,874,69,1,26,2
0,1,7500,98,9,100,33,1,10,0
2,0,68117,80,6,930,71,1,25,2
1,1,67225,4,5,868,63,1,23,0
1,1,17649,70,8,45,42,1,9,0
1,1,55914,32,7,1260,43,1,29,0
1,1,40059,82,8,414,34,1,12,1
1,1,60905,27,2,392,68,1,15,0
1,1,75330,94,6,1109,41,2,29,0
1,0,60689,23,3,639,67,1,22,0
1,1,38680,97,7,79,34,1,6,0
1,1,61416,25,6,1665,36,0,24,1
1,0,49767,92,4,692,27,0,18,0
1,0,83273,98,7,1392,48,3,29,0
1,1,29009,19,6,44,37,1,7,0
2,1,45057,80,5,50,39,1,6,0
1,1,37150,80,7,467,47,1,21,0
1,0,43020,79,6,223,48,1,12,0
1,1,53154,50,4,158,59,1,9,0
1,1,65308,60,4,1211,45,0,28,2
1,0,76467,44,6,1575,48,1,14,1
0,1,81044,0,1,1208,71,0,22,0
1,1,32871,28,4,43,67,2,5,0
1,0,55801,35,7,527,43,2,21,1
1,0,76320,49,2,932,59,1,15,0
2,0,36927,46,8,71,63,2,8,0
1,1,48794,97,4,54,65,2,5,0
1,0,23478,51,8,129,53,0,7,0
1,0,71128,80,7,1615,45,1,27,0
2,0,70179,10,5,1034,42,1,26,0
1,1,59462,29,7,1088,68,1,25,0
1,1,38361,74,7,137,49,1,10,0
2,1,70038,54,2,1244,36,0,17,0
1,1,42554,93,4,41,40,2,7,0
1,1,67445,63,6,1174,44,1,32,0
1,0,67046,92,2,993,67,1,15,0
1,1,42192,40,4,100,70,0,7,0
2,1,77610,70,7,1680,66,1,17,0
1,1,31761,96,5,98,34,1,9,0
1,1,34350,81,7,48,39,1,5,0
1,1,54591,63,5,519,69,1,19,0
1,1,71866,85,3,715,62,1,20,0
1,1,25293,51,8,37,49,1,5,0
2,0,42000,23,5,653,31,0,20,1
1,1,69520,95,5,1455,35,0,21,0
1,0,64713,11,4,602,48,1,19,1
2,1,27889,42,6,26,41,1,5,0
0,0,22123,77,5,102,58,0,7,0
1,1,27803,40,8,176,45,1,9,0
1,1,51651,32,8,433,58,1,17,0
1,1,68487,48,4,1366,30,0,30,0
1,1,56796,24,7,1001,49,1,27,0
0,1,87000,61,2,961,26,0,18,0
1,1,79823,6,2,1518,59,1,23,1
1,0,30828,16,3,56,38,1,8,0
2,1,34109,39,4,22,47,1,4,0
2,0,53367,2,7,400,44,2,21,1
0,1,22390,49,7,26,49,0,4,0
1,1,71322,31,2,350,42,1,13,0
2,1,49912,5,8,874,69,1,26,2
2,1,48699,90,5,40,68,2,5,0
1,1,80144,47,1,1367,43,0,19,0
1,0,54252,25,6,264,62,2,15,0
2,1,81929,60,6,2053,42,1,20,3
1,1,76068,67,6,1376,43,1,10,2
2,1,53204,40,4,45,42,2,5,0
2,1,67911,63,3,976,69,1,27,0
0,1,14796,1,9,51,34,1,6,1
2,1,78128,89,3,1264,44,1,20,2
0,1,14188,40,6,75,46,0,7,0
0,1,20425,5,7,57,32,1,7,0
2,1,58646,3,4,140,56,1,8,0
1,0,72967,1,5,497,48,1,19,2
2,1,48150,24,7,266,69,1,13,0
1,0,82332,89,2,2006,57,0,21,2
1,0,58275,48,7,615,63,2,23,0
2,1,44953,31,6,1021,37,0,24,1
1,1,34587,68,4,22,65,2,6,0
2,1,43018,46,5,133,44,1,7,0
2,1,45736,92,7,437,64,1,19,0
2,1,66476,80,4,1013,49,1,26,0
0,1,27733,16,7,57,37,1,7,0
2,1,69805,50,2,1038,66,1,27,0
2,0,72217,93,2,1573,56,0,22,0
1,0,25818,51,7,28,47,1,4,0
2,1,37509,24,7,123,42,1,9,0
0,1,25176,79,7,13,42,2,4,0
1,1,43586,26,8,132,38,1,10,0
0,1,53230,86,5,732,62,1,23,0
1,1,50116,68,5,66,61,2,7,1
1,1,84906,98,2,1631,46,0,24,3
1,1,61286,34,5,608,52,1,18,0
2,1,82333,60,2,1822,32,0,18,2
2,1,65220,3,6,1282,53,0,23,1
1,1,33590,65,7,8,44,3,4,0
1,0,30992,83,7,43,42,1,5,0
2,0,72309,64,3,1931,42,0,20,2
2,1,156924,85,0,8,69,0,0,0
0,1,16005,69,8,103,38,1,8,0
1,1,58692,21,7,395,53,1,15,0
1,0,40590,30,6,258,49,2,15,1
1,0,20587,39,7,25,48,1,5,0
2,0,62637,76,2,185,64,1,10,0
2,0,29435,11,9,180,52,2,11,1
1,0,19346,26,8,22,44,1,5,0
1,1,35788,34,6,44,47,2,7,0
1,0,36997,72,5,94,50,2,12,0
1,1,23539,13,6,81,61,0,7,0
1,0,65333,58,6,798,45,1,28,2
1,0,78499,12,4,1334,61,0,19,2
2,1,29732,23,9,38,47,1,5,0
2,1,41275,33,5,61,58,3,11,0
2,1,63516,30,5,300,45,2,16,0
2,1,42769,15,4,88,56,1,8,0
2,1,49572,25,7,54,60,2,7,0
1,1,69209,4,4,1782,46,0,16,1
1,1,17148,80,8,68,42,1,11,0
1,0,40590,30,6,258,49,2,15,1
2,1,30560,6,7,31,42,1,5,0
0,1,32146,16,6,66,35,1,8,0
0,0,41713,57,6,174,54,2,13,0
2,1,34176,9,3,28,43,1,5,0
2,1,58482,59,6,731,63,1,22,1
1,0,59686,78,4,274,53,1,12,0
2,1,60896,90,6,1701,54,1,26,1
1,1,62994,74,6,312,38,1,13,0
1,1,47320,10,6,414,61,1,20,0
0,0,74859,63,3,1565,69,0,23,1
0,0,15253,13,7,29,26,1,6,0
2,0,31560,98,8,94,44,1,8,0
1,0,72071,4,2,1338,64,1,20,0
2,0,91172,94,3,1092,28,0,14,5
1,1,90000,91,1,1479,34,0,18,3
1,0,41967,66,4,54,37,2,5,0
1,0,69263,14,6,568,53,1,18,1
0,0,65706,77,7,1199,48,0,27,4
1,1,60934,41,4,873,43,1,23,0
1,1,71965,21,3,1213,67,1,17,0
1,1,65210,25,6,731,63,1,22,2
2,1,79174,2,2,2043,43,0,19,3
2,0,81380,51,2,1893,51,0,17,0
1,1,52914,32,7,575,47,1,15,1
1,1,38946,84,5,257,63,1,12,0
1,1,26067,49,8,56,44,1,9,0
2,1,44325,69,8,542,46,1,21,1
1,1,42523,96,2,125,54,0,7,0
0,0,26487,23,5,69,40,1,9,0
0,1,53233,18,4,40,61,1,5,0
1,1,67716,8,5,1016,58,1,28,1
2,1,76234,21,3,907,46,1,23,1
2,1,84117,60,2,1566,62,0,24,1
2,1,65487,48,2,1169,61,0,17,0
0,1,25224,36,3,46,46,1,7,0
2,0,89616,36,2,1644,35,0,25,1
1,0,40851,63,7,59,47,2,5,0
1,1,27469,2,6,17,71,0,4,0
0,1,82347,38,3,1853,61,0,25,3
1,1,73803,61,6,1528,61,1,22,2
2,0,8820,52,8,35,66,2,10,0
1,0,43322,25,7,141,44,0,8,0
1,1,55593,63,6,546,45,1,17,1
1,1,50501,10,6,500,64,2,20,2
1,1,37085,65,8,61,43,2,10,0
0,0,16185,71,8,106,28,1,8,0
1,0,57731,0,6,704,49,1,26,0
1,1,73807,88,2,849,40,1,23,0
1,1,18929,15,6,85,28,0,6,0
1,0,35893,80,8,199,50,2,15,0
1,1,61014,17,7,1147,38,1,20,0
1,1,32144,76,7,54,64,2,10,1
0,1,14918,52,6,43,55,1,5,0
1,0,45146,28,4,53,55,2,6,0
0,0,41769,31,8,521,63,1,22,0
1,1,88325,42,2,1623,37,0,18,0
2,0,38054,24,7,45,68,2,7,0
0,0,80617,42,2,1435,23,0,19,0
1,1,5305,12,13,32,42,1,1,0
1,1,36807,88,6,16,64,2,4,0
1,1,28427,67,8,52,35,1,7,0
2,0,82032,54,1,1234,70,0,17,0
1,1,22775,40,8,15,40,1,4,0
2,1,40101,73,7,415,33,1,17,0
1,1,58025,81,4,470,39,1,18,0
2,0,75777,12,1,1438,36,0,21,3
0,1,7500,7,7,53,39,1,11,0
2,1,33562,33,4,51,55,3,9,0
2,0,57642,24,4,679,48,1,22,1
1,1,58554,55,7,586,50,2,22,0
1,1,63777,87,8,653,39,2,26,0
1,0,57967,39,5,468,56,1,19,0
1,1,24434,9,7,50,46,2,7,0
1,0,11012,82,9,84,34,1,9,1
2,0,44802,71,8,1049,48,0,27,0
1,0,26816,50,4,22,32,0,4,0
1,1,34421,81,7,30,44,1,4,0
1,1,61223,46,5,1341,51,1,18,0
2,1,64014,56,7,444,72,3,22,1
1,0,56981,91,6,1241,37,0,19,1
2,1,69245,8,3,843,62,1,23,0
2,1,52869,40,7,172,64,2,11,1
